true_label,predicted_label
Pasture,Forest
HerbaceousVegetation,Forest
Residential,HerbaceousVegetation
Highway,HerbaceousVegetation
SeaLake,Industrial
PermanentCrop,AnnualCrop
Industrial,Industrial
Pasture,Highway
PermanentCrop,AnnualCrop
Industrial,Highway
Pasture,SeaLake
Forest,Forest
PermanentCrop,AnnualCrop
Forest,Forest
Industrial,River
Highway,HerbaceousVegetation
Forest,Forest
River,SeaLake
Residential,Highway
Highway,Residential
Forest,Forest
PermanentCrop,AnnualCrop
AnnualCrop,Residential
HerbaceousVegetation,PermanentCrop
SeaLake,SeaLake
HerbaceousVegetation,Residential
Forest,Forest
Forest,Forest
Forest,Forest
Pasture,HerbaceousVegetation
Pasture,Forest
Pasture,Forest
Industrial,River
Residential,Pasture
SeaLake,Pasture
River,River
Forest,Forest
River,River
AnnualCrop,HerbaceousVegetation
HerbaceousVegetation,Highway
Highway,Pasture
SeaLake,SeaLake
HerbaceousVegetation,Forest
HerbaceousVegetation,AnnualCrop
HerbaceousVegetation,PermanentCrop
Pasture,Forest
Pasture,River
HerbaceousVegetation,SeaLake
Forest,Forest
Pasture,Residential
SeaLake,SeaLake
Forest,Forest
AnnualCrop,AnnualCrop
PermanentCrop,AnnualCrop
HerbaceousVegetation,HerbaceousVegetation
Pasture,SeaLake
Forest,SeaLake
HerbaceousVegetation,Residential
River,AnnualCrop
Residential,AnnualCrop
Forest,Residential
Pasture,SeaLake
SeaLake,Forest
Forest,Forest
Residential,Highway
AnnualCrop,Residential
Highway,River
Industrial,HerbaceousVegetation
Pasture,Forest
PermanentCrop,HerbaceousVegetation
Forest,Forest
Forest,Pasture
Highway,SeaLake
HerbaceousVegetation,PermanentCrop
PermanentCrop,AnnualCrop
HerbaceousVegetation,HerbaceousVegetation
Industrial,Residential
Highway,Highway
SeaLake,HerbaceousVegetation
Residential,Residential
AnnualCrop,AnnualCrop
Pasture,Pasture
PermanentCrop,AnnualCrop
Pasture,Pasture
Highway,River
Industrial,Industrial
Pasture,SeaLake
Forest,Forest
Forest,Residential
Residential,Residential
River,SeaLake
Highway,Highway
SeaLake,SeaLake
Pasture,Pasture
Residential,HerbaceousVegetation
River,SeaLake
River,Residential
HerbaceousVegetation,HerbaceousVegetation
SeaLake,Pasture
Highway,River
River,River
Forest,Forest
HerbaceousVegetation,Residential
River,River
Highway,Highway
Industrial,Industrial
Residential,HerbaceousVegetation
Highway,Pasture
River,SeaLake
SeaLake,SeaLake
Industrial,Industrial
HerbaceousVegetation,PermanentCrop
SeaLake,SeaLake
Residential,Residential
Industrial,Industrial
AnnualCrop,AnnualCrop
Highway,HerbaceousVegetation
Industrial,Industrial
HerbaceousVegetation,HerbaceousVegetation
AnnualCrop,AnnualCrop
Pasture,SeaLake
Industrial,AnnualCrop
Industrial,Industrial
SeaLake,SeaLake
Residential,Pasture
River,River
AnnualCrop,PermanentCrop
AnnualCrop,Forest
PermanentCrop,PermanentCrop
Residential,Highway
Residential,Highway
River,Forest
HerbaceousVegetation,AnnualCrop
HerbaceousVegetation,River
Forest,SeaLake
Industrial,Industrial
Forest,Forest
AnnualCrop,PermanentCrop
Pasture,Pasture
HerbaceousVegetation,PermanentCrop
Forest,Forest
Forest,Forest
Forest,Forest
PermanentCrop,AnnualCrop
Pasture,SeaLake
Forest,Forest
SeaLake,Forest
Residential,Residential
Forest,Forest
AnnualCrop,AnnualCrop
HerbaceousVegetation,HerbaceousVegetation
Forest,Forest
Forest,Forest
AnnualCrop,PermanentCrop
Forest,Forest
River,River
HerbaceousVegetation,Pasture
Forest,Forest
AnnualCrop,AnnualCrop
River,Highway
SeaLake,SeaLake
Residential,Residential
Forest,Forest
Residential,Residential
Forest,Forest
HerbaceousVegetation,Highway
SeaLake,Pasture
Pasture,SeaLake
River,River
Industrial,Industrial
Forest,SeaLake
SeaLake,SeaLake
River,Forest
Residential,River
Residential,Residential
AnnualCrop,PermanentCrop
Industrial,Highway
Forest,Forest
Industrial,Highway
Highway,HerbaceousVegetation
Industrial,Industrial
River,SeaLake
SeaLake,SeaLake
Industrial,Industrial
Industrial,Residential
Residential,AnnualCrop
SeaLake,SeaLake
River,HerbaceousVegetation
HerbaceousVegetation,SeaLake
HerbaceousVegetation,PermanentCrop
SeaLake,Forest
Highway,HerbaceousVegetation
PermanentCrop,AnnualCrop
SeaLake,Forest
HerbaceousVegetation,Residential
River,River
PermanentCrop,HerbaceousVegetation
River,Industrial
AnnualCrop,HerbaceousVegetation
AnnualCrop,HerbaceousVegetation
SeaLake,Forest
Residential,Industrial
Forest,Forest
HerbaceousVegetation,Highway
HerbaceousVegetation,HerbaceousVegetation
AnnualCrop,AnnualCrop
AnnualCrop,PermanentCrop
PermanentCrop,AnnualCrop
AnnualCrop,River
HerbaceousVegetation,HerbaceousVegetation
Industrial,Industrial
Forest,SeaLake
River,Pasture
PermanentCrop,HerbaceousVegetation
Industrial,Industrial
HerbaceousVegetation,AnnualCrop
Residential,AnnualCrop
Residential,HerbaceousVegetation
Forest,SeaLake
SeaLake,Pasture
Industrial,Industrial
HerbaceousVegetation,PermanentCrop
River,River
River,SeaLake
Industrial,Industrial
HerbaceousVegetation,HerbaceousVegetation
Industrial,River
AnnualCrop,AnnualCrop
Industrial,Industrial
AnnualCrop,Residential
Pasture,Forest
HerbaceousVegetation,Highway
Highway,Pasture
Industrial,Industrial
HerbaceousVegetation,HerbaceousVegetation
Residential,HerbaceousVegetation
HerbaceousVegetation,HerbaceousVegetation
Forest,Forest
Industrial,Industrial
Forest,SeaLake
Forest,SeaLake
AnnualCrop,AnnualCrop
Forest,SeaLake
Forest,Forest
SeaLake,SeaLake
Forest,Forest
Industrial,Highway
Industrial,Highway
SeaLake,Pasture
Forest,Forest
River,Residential
PermanentCrop,Industrial
Residential,Residential
Pasture,Forest
Highway,Highway
PermanentCrop,AnnualCrop
AnnualCrop,AnnualCrop
PermanentCrop,HerbaceousVegetation
Highway,Residential
Pasture,Pasture
AnnualCrop,Residential
Forest,Forest
Industrial,River
River,SeaLake
Highway,Highway
River,Forest
SeaLake,Pasture
Forest,Forest
AnnualCrop,AnnualCrop
Industrial,Industrial
Residential,Highway
Industrial,Industrial
SeaLake,SeaLake
Pasture,Forest
Highway,AnnualCrop
Industrial,Industrial
HerbaceousVegetation,Residential
Highway,HerbaceousVegetation
HerbaceousVegetation,River
PermanentCrop,PermanentCrop
AnnualCrop,Pasture
HerbaceousVegetation,HerbaceousVegetation
River,SeaLake
Highway,Highway
HerbaceousVegetation,AnnualCrop
Forest,Forest
HerbaceousVegetation,HerbaceousVegetation
River,AnnualCrop
Residential,Residential
HerbaceousVegetation,HerbaceousVegetation
Industrial,Residential
River,HerbaceousVegetation
SeaLake,Pasture
HerbaceousVegetation,AnnualCrop
SeaLake,SeaLake
Residential,Residential
AnnualCrop,AnnualCrop
River,River
Industrial,Industrial
Industrial,Residential
Industrial,Residential
AnnualCrop,AnnualCrop
Highway,Forest
HerbaceousVegetation,HerbaceousVegetation
Residential,River
PermanentCrop,AnnualCrop
SeaLake,SeaLake
Residential,Residential
SeaLake,SeaLake
Forest,Forest
Forest,Forest
Highway,Highway
Pasture,Forest
Highway,AnnualCrop
Highway,Highway
Industrial,Industrial
Forest,Forest
Forest,Forest
PermanentCrop,HerbaceousVegetation
SeaLake,Forest
River,HerbaceousVegetation
HerbaceousVegetation,AnnualCrop
Highway,AnnualCrop
PermanentCrop,AnnualCrop
Residential,Residential
Residential,Residential
Highway,River
Residential,AnnualCrop
Forest,Forest
HerbaceousVegetation,HerbaceousVegetation
Pasture,SeaLake
Pasture,Forest
Forest,Forest
Residential,Residential
Highway,River
Forest,Forest
Highway,HerbaceousVegetation
Residential,Industrial
Highway,Residential
Highway,Highway
Industrial,Highway
Highway,Residential
Pasture,Pasture
SeaLake,SeaLake
Pasture,SeaLake
Highway,Highway
Residential,Residential
River,Residential
Residential,Residential
Residential,AnnualCrop
SeaLake,SeaLake
SeaLake,Pasture
SeaLake,Pasture
Forest,Forest
PermanentCrop,AnnualCrop
River,River
HerbaceousVegetation,AnnualCrop
Industrial,Industrial
HerbaceousVegetation,Residential
SeaLake,River
Highway,AnnualCrop
Residential,Residential
Forest,Forest
SeaLake,SeaLake
Pasture,Pasture
Residential,River
Highway,Forest
AnnualCrop,HerbaceousVegetation
Forest,Forest
SeaLake,SeaLake
PermanentCrop,PermanentCrop
Forest,SeaLake
SeaLake,Highway
PermanentCrop,PermanentCrop
AnnualCrop,PermanentCrop
SeaLake,SeaLake
Residential,Industrial
Industrial,Industrial
SeaLake,River
River,River
HerbaceousVegetation,Highway
Residential,HerbaceousVegetation
Residential,AnnualCrop
SeaLake,SeaLake
River,River
AnnualCrop,AnnualCrop
PermanentCrop,AnnualCrop
Industrial,Industrial
AnnualCrop,River
PermanentCrop,HerbaceousVegetation
Forest,Forest
River,River
Residential,Residential
AnnualCrop,HerbaceousVegetation
AnnualCrop,HerbaceousVegetation
AnnualCrop,HerbaceousVegetation
Residential,HerbaceousVegetation
HerbaceousVegetation,AnnualCrop
Residential,Highway
Highway,Highway
River,River
Residential,Residential
Residential,HerbaceousVegetation
SeaLake,Residential
Residential,Highway
Highway,River
HerbaceousVegetation,PermanentCrop
HerbaceousVegetation,HerbaceousVegetation
River,SeaLake
River,SeaLake
SeaLake,SeaLake
SeaLake,SeaLake
Highway,Residential
AnnualCrop,AnnualCrop
River,Residential
Pasture,Highway
Forest,Forest
AnnualCrop,Pasture
HerbaceousVegetation,Residential
Pasture,Pasture
Residential,PermanentCrop
Pasture,Pasture
Pasture,SeaLake
AnnualCrop,HerbaceousVegetation
PermanentCrop,PermanentCrop
AnnualCrop,PermanentCrop
AnnualCrop,HerbaceousVegetation
AnnualCrop,PermanentCrop
Residential,Residential
SeaLake,Forest
SeaLake,Forest
Industrial,PermanentCrop
Forest,Forest
SeaLake,SeaLake
Pasture,SeaLake
Forest,SeaLake
Pasture,Forest
AnnualCrop,AnnualCrop
Residential,Highway
Pasture,Pasture
Highway,Residential
HerbaceousVegetation,PermanentCrop
Industrial,Industrial
Highway,HerbaceousVegetation
HerbaceousVegetation,HerbaceousVegetation
AnnualCrop,HerbaceousVegetation
SeaLake,Pasture
Forest,Forest
Highway,Residential
River,Pasture
AnnualCrop,HerbaceousVegetation
Highway,Highway
HerbaceousVegetation,PermanentCrop
SeaLake,SeaLake
Forest,Forest
Highway,Highway
SeaLake,SeaLake
Industrial,Industrial
SeaLake,SeaLake
Residential,Residential
Pasture,Forest
River,AnnualCrop
Highway,HerbaceousVegetation
PermanentCrop,PermanentCrop
AnnualCrop,HerbaceousVegetation
Industrial,Highway
AnnualCrop,AnnualCrop
SeaLake,Industrial
Industrial,Industrial
AnnualCrop,PermanentCrop
PermanentCrop,AnnualCrop
River,SeaLake
PermanentCrop,HerbaceousVegetation
Pasture,Forest
HerbaceousVegetation,AnnualCrop
Industrial,Industrial
Forest,SeaLake
Residential,Residential
SeaLake,SeaLake
River,Forest
HerbaceousVegetation,HerbaceousVegetation
HerbaceousVegetation,Residential
AnnualCrop,AnnualCrop
SeaLake,SeaLake
AnnualCrop,River
AnnualCrop,Highway
PermanentCrop,PermanentCrop
Industrial,Highway
Highway,PermanentCrop
Industrial,Residential
Forest,Forest
HerbaceousVegetation,HerbaceousVegetation
SeaLake,SeaLake
Industrial,Highway
SeaLake,SeaLake
River,SeaLake
Industrial,Industrial
HerbaceousVegetation,AnnualCrop
AnnualCrop,SeaLake
AnnualCrop,PermanentCrop
SeaLake,Forest
AnnualCrop,PermanentCrop
Industrial,Industrial
HerbaceousVegetation,River
Forest,Forest
Residential,SeaLake
Residential,SeaLake
Pasture,Pasture
Industrial,Residential
AnnualCrop,PermanentCrop
River,Residential
Highway,HerbaceousVegetation
SeaLake,SeaLake
River,River
HerbaceousVegetation,HerbaceousVegetation
HerbaceousVegetation,HerbaceousVegetation
SeaLake,SeaLake
Highway,AnnualCrop
PermanentCrop,HerbaceousVegetation
AnnualCrop,AnnualCrop
Residential,River
HerbaceousVegetation,AnnualCrop
Residential,AnnualCrop
Residential,River
PermanentCrop,HerbaceousVegetation
SeaLake,SeaLake
Residential,Industrial
Industrial,Highway
Residential,River
AnnualCrop,AnnualCrop
Forest,Forest
SeaLake,Pasture
AnnualCrop,AnnualCrop
River,River
Residential,AnnualCrop
HerbaceousVegetation,HerbaceousVegetation
SeaLake,SeaLake
PermanentCrop,Pasture
Residential,Residential
AnnualCrop,Residential
River,HerbaceousVegetation
Pasture,Pasture
Industrial,River
PermanentCrop,AnnualCrop
AnnualCrop,AnnualCrop
PermanentCrop,River
Forest,Forest
Forest,Forest
Pasture,Forest
HerbaceousVegetation,Forest
HerbaceousVegetation,HerbaceousVegetation
Residential,AnnualCrop
Industrial,Pasture
Highway,HerbaceousVegetation
Industrial,HerbaceousVegetation
Pasture,Forest
Highway,Forest
PermanentCrop,HerbaceousVegetation
AnnualCrop,AnnualCrop
PermanentCrop,PermanentCrop
Residential,HerbaceousVegetation
PermanentCrop,AnnualCrop
PermanentCrop,AnnualCrop
Pasture,Pasture
Highway,PermanentCrop
PermanentCrop,AnnualCrop
Residential,HerbaceousVegetation
HerbaceousVegetation,AnnualCrop
Forest,Residential
Industrial,AnnualCrop
SeaLake,SeaLake
Industrial,Industrial
Forest,Forest
Residential,AnnualCrop
Highway,PermanentCrop
Forest,SeaLake
PermanentCrop,HerbaceousVegetation
SeaLake,SeaLake
Pasture,SeaLake
River,HerbaceousVegetation
HerbaceousVegetation,PermanentCrop
Forest,Forest
HerbaceousVegetation,SeaLake
PermanentCrop,Residential
SeaLake,SeaLake
Pasture,Forest
PermanentCrop,PermanentCrop
Industrial,Industrial
SeaLake,SeaLake
HerbaceousVegetation,PermanentCrop
Industrial,Industrial
River,Industrial
AnnualCrop,PermanentCrop
AnnualCrop,PermanentCrop
Highway,HerbaceousVegetation
PermanentCrop,Residential
Pasture,Pasture
SeaLake,SeaLake
Industrial,Pasture
PermanentCrop,PermanentCrop
SeaLake,Pasture
SeaLake,Forest
River,Pasture
SeaLake,Forest
HerbaceousVegetation,PermanentCrop
SeaLake,SeaLake
HerbaceousVegetation,AnnualCrop
Highway,Highway
AnnualCrop,AnnualCrop
SeaLake,Pasture
River,Pasture
Highway,Highway
Forest,SeaLake
PermanentCrop,Residential
Residential,HerbaceousVegetation
AnnualCrop,HerbaceousVegetation
Highway,HerbaceousVegetation
Forest,Forest
HerbaceousVegetation,HerbaceousVegetation
AnnualCrop,AnnualCrop
Residential,River
AnnualCrop,AnnualCrop
Forest,Forest
Forest,Forest
Highway,Highway
AnnualCrop,AnnualCrop
AnnualCrop,AnnualCrop
Forest,Forest
HerbaceousVegetation,HerbaceousVegetation
Industrial,Highway
HerbaceousVegetation,HerbaceousVegetation
Industrial,Residential
AnnualCrop,AnnualCrop
Industrial,Industrial
Highway,Residential
River,Forest
HerbaceousVegetation,Highway
Residential,Residential
Forest,Forest
Forest,Forest
Residential,Industrial
Forest,Forest
Forest,Forest
AnnualCrop,River
River,River
River,Highway
Forest,Forest
AnnualCrop,AnnualCrop
HerbaceousVegetation,Highway
HerbaceousVegetation,PermanentCrop
Pasture,Forest
Forest,SeaLake
Pasture,Forest
Residential,PermanentCrop
PermanentCrop,River
AnnualCrop,HerbaceousVegetation
Industrial,Industrial
Residential,HerbaceousVegetation
PermanentCrop,HerbaceousVegetation
HerbaceousVegetation,HerbaceousVegetation
AnnualCrop,AnnualCrop
Highway,Residential
Highway,Highway
Residential,Highway
Industrial,Forest
PermanentCrop,Highway
HerbaceousVegetation,AnnualCrop
AnnualCrop,Highway
Highway,SeaLake
SeaLake,Pasture
Pasture,PermanentCrop
Forest,SeaLake
Highway,AnnualCrop
Forest,SeaLake
Industrial,Industrial
AnnualCrop,HerbaceousVegetation
HerbaceousVegetation,AnnualCrop
AnnualCrop,HerbaceousVegetation
Highway,Residential
Industrial,Industrial
Pasture,Pasture
PermanentCrop,PermanentCrop
Industrial,Industrial
Pasture,River
Highway,Pasture
AnnualCrop,PermanentCrop
HerbaceousVegetation,SeaLake
HerbaceousVegetation,Residential
Residential,HerbaceousVegetation
SeaLake,SeaLake
AnnualCrop,Pasture
PermanentCrop,Highway
PermanentCrop,PermanentCrop
Highway,Residential
AnnualCrop,AnnualCrop
PermanentCrop,AnnualCrop
River,River
Industrial,Residential
Forest,Forest
Residential,Residential
Forest,Forest
SeaLake,SeaLake
Residential,SeaLake
Residential,Highway
River,SeaLake
Industrial,Industrial
HerbaceousVegetation,AnnualCrop
AnnualCrop,PermanentCrop
River,River
Residential,River
River,Forest
PermanentCrop,River
Forest,Forest
PermanentCrop,HerbaceousVegetation
Forest,Forest
AnnualCrop,AnnualCrop
River,River
SeaLake,SeaLake
Residential,River
HerbaceousVegetation,PermanentCrop
PermanentCrop,AnnualCrop
Industrial,Industrial
HerbaceousVegetation,HerbaceousVegetation
HerbaceousVegetation,AnnualCrop
AnnualCrop,AnnualCrop
AnnualCrop,AnnualCrop
Forest,SeaLake
PermanentCrop,HerbaceousVegetation
HerbaceousVegetation,HerbaceousVegetation
HerbaceousVegetation,HerbaceousVegetation
Forest,Forest
PermanentCrop,AnnualCrop
Forest,Forest
AnnualCrop,Residential
AnnualCrop,HerbaceousVegetation
Highway,HerbaceousVegetation
PermanentCrop,AnnualCrop
SeaLake,HerbaceousVegetation
SeaLake,River
Residential,AnnualCrop
PermanentCrop,PermanentCrop
HerbaceousVegetation,Residential
SeaLake,Forest
Residential,HerbaceousVegetation
Highway,Industrial
SeaLake,SeaLake
Industrial,Industrial
Highway,Pasture
PermanentCrop,HerbaceousVegetation
Residential,PermanentCrop
SeaLake,SeaLake
Forest,Forest
Industrial,River
PermanentCrop,AnnualCrop
PermanentCrop,Residential
AnnualCrop,River
HerbaceousVegetation,HerbaceousVegetation
Highway,Highway
Forest,Forest
HerbaceousVegetation,HerbaceousVegetation
SeaLake,Forest
Residential,PermanentCrop
AnnualCrop,HerbaceousVegetation
Highway,AnnualCrop
Industrial,Industrial
SeaLake,Pasture
SeaLake,SeaLake
River,River
Residential,Pasture
AnnualCrop,HerbaceousVegetation
Industrial,Industrial
Pasture,Pasture
River,River
Industrial,Industrial
Industrial,Industrial
Forest,Forest
Highway,HerbaceousVegetation
PermanentCrop,HerbaceousVegetation
Residential,River
River,HerbaceousVegetation
AnnualCrop,Residential
SeaLake,SeaLake
AnnualCrop,AnnualCrop
HerbaceousVegetation,Highway
River,Residential
Industrial,Residential
Highway,River
Residential,Highway
Forest,Forest
PermanentCrop,AnnualCrop
Highway,Highway
River,Residential
HerbaceousVegetation,AnnualCrop
Forest,SeaLake
AnnualCrop,Pasture
Forest,Forest
HerbaceousVegetation,PermanentCrop
HerbaceousVegetation,PermanentCrop
AnnualCrop,AnnualCrop
Pasture,SeaLake
SeaLake,SeaLake
HerbaceousVegetation,Residential
PermanentCrop,Residential
SeaLake,Residential
Forest,Pasture
Industrial,Industrial
HerbaceousVegetation,HerbaceousVegetation
Industrial,Industrial
Residential,River
Industrial,Industrial
AnnualCrop,AnnualCrop
Residential,River
Highway,Forest
SeaLake,River
PermanentCrop,AnnualCrop
SeaLake,SeaLake
SeaLake,Forest
Forest,SeaLake
AnnualCrop,HerbaceousVegetation
HerbaceousVegetation,Highway
River,Forest
AnnualCrop,AnnualCrop
SeaLake,SeaLake
Residential,HerbaceousVegetation
SeaLake,SeaLake
HerbaceousVegetation,AnnualCrop
Forest,SeaLake
Residential,Industrial
Highway,AnnualCrop
Highway,Highway
AnnualCrop,AnnualCrop
PermanentCrop,PermanentCrop
Residential,HerbaceousVegetation
SeaLake,SeaLake
Highway,Forest
Pasture,Forest
Forest,Forest
River,Highway
SeaLake,Pasture
River,River
PermanentCrop,PermanentCrop
HerbaceousVegetation,River
AnnualCrop,Pasture
AnnualCrop,HerbaceousVegetation
AnnualCrop,PermanentCrop
HerbaceousVegetation,HerbaceousVegetation
PermanentCrop,Highway
Industrial,Industrial
PermanentCrop,Residential
River,Pasture
Pasture,SeaLake
AnnualCrop,AnnualCrop
Residential,Highway
Residential,HerbaceousVegetation
Industrial,Industrial
Pasture,River
Industrial,River
Highway,Residential
PermanentCrop,River
Pasture,Pasture
Highway,HerbaceousVegetation
PermanentCrop,Highway
SeaLake,SeaLake
AnnualCrop,HerbaceousVegetation
AnnualCrop,AnnualCrop
Residential,Industrial
PermanentCrop,PermanentCrop
Pasture,Pasture
AnnualCrop,AnnualCrop
Highway,PermanentCrop
HerbaceousVegetation,Residential
Residential,Highway
River,HerbaceousVegetation
AnnualCrop,AnnualCrop
HerbaceousVegetation,HerbaceousVegetation
Pasture,Pasture
Forest,SeaLake
Residential,HerbaceousVegetation
Residential,Residential
HerbaceousVegetation,HerbaceousVegetation
SeaLake,SeaLake
AnnualCrop,River
River,River
River,HerbaceousVegetation
Highway,Pasture
PermanentCrop,HerbaceousVegetation
Highway,SeaLake
River,SeaLake
Forest,Forest
HerbaceousVegetation,HerbaceousVegetation
HerbaceousVegetation,AnnualCrop
Highway,HerbaceousVegetation
SeaLake,Forest
River,SeaLake
HerbaceousVegetation,PermanentCrop
Forest,Forest
AnnualCrop,River
AnnualCrop,Residential
Pasture,SeaLake
Highway,SeaLake
Pasture,SeaLake
HerbaceousVegetation,AnnualCrop
Industrial,Residential
Forest,Forest
AnnualCrop,HerbaceousVegetation
Highway,River
Residential,Industrial
HerbaceousVegetation,AnnualCrop
AnnualCrop,AnnualCrop
AnnualCrop,AnnualCrop
AnnualCrop,AnnualCrop
HerbaceousVegetation,AnnualCrop
PermanentCrop,Highway
Residential,River
HerbaceousVegetation,HerbaceousVegetation
Industrial,AnnualCrop
Forest,Forest
Highway,PermanentCrop
River,Forest
Pasture,Forest
SeaLake,River
Pasture,SeaLake
SeaLake,SeaLake
River,SeaLake
PermanentCrop,AnnualCrop
PermanentCrop,AnnualCrop
HerbaceousVegetation,Highway
Pasture,Forest
River,SeaLake
AnnualCrop,PermanentCrop
SeaLake,SeaLake
Industrial,Industrial
Highway,River
Residential,Highway
PermanentCrop,HerbaceousVegetation
PermanentCrop,HerbaceousVegetation
SeaLake,Pasture
Forest,Forest
Pasture,PermanentCrop
Industrial,Highway
Residential,River
HerbaceousVegetation,PermanentCrop
Pasture,Pasture
Industrial,HerbaceousVegetation
PermanentCrop,Residential
AnnualCrop,River
Highway,AnnualCrop
Forest,Forest
Highway,Industrial
Industrial,Industrial
Industrial,Residential
AnnualCrop,AnnualCrop
Industrial,Highway
SeaLake,Forest
PermanentCrop,River
SeaLake,SeaLake
Forest,SeaLake
AnnualCrop,Industrial
Highway,Residential
Industrial,Industrial
SeaLake,SeaLake
Forest,SeaLake
Forest,River
Residential,River
River,SeaLake
Residential,River
PermanentCrop,River
AnnualCrop,AnnualCrop
PermanentCrop,AnnualCrop
AnnualCrop,HerbaceousVegetation
Industrial,Residential
Residential,Residential
SeaLake,SeaLake
Residential,Residential
AnnualCrop,PermanentCrop
SeaLake,SeaLake
AnnualCrop,AnnualCrop
SeaLake,SeaLake
SeaLake,SeaLake
Industrial,Industrial
Highway,AnnualCrop
SeaLake,SeaLake
Residential,Highway
Residential,Highway
Forest,Forest
AnnualCrop,AnnualCrop
Highway,AnnualCrop
Residential,SeaLake
AnnualCrop,PermanentCrop
Industrial,Residential
SeaLake,SeaLake
River,SeaLake
AnnualCrop,PermanentCrop
AnnualCrop,AnnualCrop
PermanentCrop,Pasture
River,SeaLake
River,SeaLake
Residential,Highway
AnnualCrop,PermanentCrop
Pasture,Forest
Industrial,AnnualCrop
Forest,Forest
River,River
Highway,HerbaceousVegetation
River,Highway
Industrial,Residential
Industrial,Industrial
Highway,Highway
PermanentCrop,AnnualCrop
Residential,Residential
PermanentCrop,HerbaceousVegetation
River,River
SeaLake,SeaLake
Industrial,Industrial
AnnualCrop,HerbaceousVegetation
Forest,SeaLake
SeaLake,SeaLake
PermanentCrop,Residential
HerbaceousVegetation,HerbaceousVegetation
SeaLake,Forest
Forest,Forest
Residential,HerbaceousVegetation
PermanentCrop,AnnualCrop
Forest,Forest
Highway,PermanentCrop
HerbaceousVegetation,PermanentCrop
Residential,AnnualCrop
AnnualCrop,AnnualCrop
Residential,Residential
Forest,SeaLake
SeaLake,SeaLake
HerbaceousVegetation,HerbaceousVegetation
Highway,Highway
Highway,Highway
River,River
PermanentCrop,AnnualCrop
Pasture,Pasture
Highway,Forest
PermanentCrop,HerbaceousVegetation
HerbaceousVegetation,SeaLake
AnnualCrop,AnnualCrop
Industrial,SeaLake
PermanentCrop,HerbaceousVegetation
AnnualCrop,AnnualCrop
SeaLake,HerbaceousVegetation
Residential,River
SeaLake,SeaLake
AnnualCrop,AnnualCrop
Residential,Residential
AnnualCrop,AnnualCrop
SeaLake,SeaLake
SeaLake,SeaLake
AnnualCrop,Highway
SeaLake,SeaLake
SeaLake,SeaLake
Highway,Forest
Forest,Forest
SeaLake,Pasture
Residential,Highway
Industrial,River
Forest,SeaLake
AnnualCrop,Forest
Pasture,Pasture
Highway,River
Industrial,Industrial
HerbaceousVegetation,AnnualCrop
SeaLake,SeaLake
AnnualCrop,Highway
River,River
PermanentCrop,AnnualCrop
HerbaceousVegetation,PermanentCrop
Industrial,Industrial
Residential,Highway
Residential,Residential
Residential,River
PermanentCrop,AnnualCrop
Highway,Highway
AnnualCrop,PermanentCrop
Forest,Forest
Industrial,AnnualCrop
Pasture,Pasture
Highway,SeaLake
Residential,Residential
Forest,Forest
SeaLake,SeaLake
SeaLake,SeaLake
AnnualCrop,Forest
Forest,SeaLake
PermanentCrop,AnnualCrop
Forest,Forest
AnnualCrop,AnnualCrop
Forest,Forest
Residential,Residential
SeaLake,Pasture
SeaLake,SeaLake
AnnualCrop,PermanentCrop
Pasture,Pasture
River,HerbaceousVegetation
AnnualCrop,Highway
Highway,Highway
HerbaceousVegetation,HerbaceousVegetation
PermanentCrop,AnnualCrop
River,Forest
Industrial,Highway
AnnualCrop,AnnualCrop
HerbaceousVegetation,HerbaceousVegetation
SeaLake,SeaLake
River,River
Industrial,Industrial
Pasture,SeaLake
Residential,River
River,Highway
Residential,Highway
HerbaceousVegetation,River
River,River
PermanentCrop,HerbaceousVegetation
AnnualCrop,AnnualCrop
AnnualCrop,AnnualCrop
AnnualCrop,AnnualCrop
Forest,Forest
River,SeaLake
Industrial,River
Industrial,Highway
SeaLake,Forest
HerbaceousVegetation,HerbaceousVegetation
Highway,River
HerbaceousVegetation,HerbaceousVegetation
Highway,Residential
Residential,HerbaceousVegetation
HerbaceousVegetation,SeaLake
Highway,AnnualCrop
Pasture,Pasture
AnnualCrop,AnnualCrop
Forest,Forest
Pasture,Forest
SeaLake,SeaLake
River,AnnualCrop
Industrial,Industrial
River,SeaLake
HerbaceousVegetation,HerbaceousVegetation
Residential,Residential
Industrial,Highway
AnnualCrop,AnnualCrop
HerbaceousVegetation,SeaLake
Forest,Forest
SeaLake,SeaLake
River,River
Highway,AnnualCrop
Residential,Residential
AnnualCrop,Highway
Highway,Highway
Highway,HerbaceousVegetation
PermanentCrop,Forest
PermanentCrop,AnnualCrop
SeaLake,SeaLake
River,River
River,Pasture
HerbaceousVegetation,PermanentCrop
AnnualCrop,River
SeaLake,SeaLake
Pasture,Pasture
SeaLake,Pasture
SeaLake,SeaLake
PermanentCrop,AnnualCrop
River,Residential
HerbaceousVegetation,AnnualCrop
PermanentCrop,AnnualCrop
Residential,Residential
SeaLake,SeaLake
Forest,Forest
PermanentCrop,PermanentCrop
AnnualCrop,Highway
Residential,Residential
PermanentCrop,PermanentCrop
SeaLake,SeaLake
Highway,PermanentCrop
Residential,Residential
PermanentCrop,Residential
Pasture,Forest
Highway,HerbaceousVegetation
Pasture,AnnualCrop
HerbaceousVegetation,HerbaceousVegetation
Industrial,HerbaceousVegetation
PermanentCrop,Pasture
SeaLake,HerbaceousVegetation
HerbaceousVegetation,HerbaceousVegetation
Pasture,Pasture
Highway,Highway
Pasture,PermanentCrop
River,Pasture
River,Residential
Residential,AnnualCrop
River,SeaLake
Forest,SeaLake
Pasture,SeaLake
AnnualCrop,Residential
Highway,River
SeaLake,SeaLake
Residential,Highway
Industrial,PermanentCrop
River,PermanentCrop
Forest,Forest
Pasture,SeaLake
Industrial,Industrial
Forest,SeaLake
SeaLake,Forest
Highway,River
Forest,Forest
HerbaceousVegetation,AnnualCrop
River,Highway
Pasture,Pasture
SeaLake,SeaLake
SeaLake,Pasture
Industrial,Industrial
PermanentCrop,PermanentCrop
Highway,Highway
SeaLake,SeaLake
HerbaceousVegetation,HerbaceousVegetation
Residential,HerbaceousVegetation
Forest,Forest
SeaLake,Pasture
HerbaceousVegetation,Residential
PermanentCrop,AnnualCrop
River,SeaLake
Forest,Forest
Forest,Forest
HerbaceousVegetation,AnnualCrop
HerbaceousVegetation,AnnualCrop
SeaLake,Pasture
Pasture,SeaLake
Highway,Pasture
Forest,Forest
SeaLake,SeaLake
HerbaceousVegetation,HerbaceousVegetation
Pasture,SeaLake
AnnualCrop,Highway
HerbaceousVegetation,PermanentCrop
Pasture,Pasture
Residential,Highway
Highway,HerbaceousVegetation
River,River
Residential,Residential
Pasture,River
PermanentCrop,Residential
HerbaceousVegetation,PermanentCrop
SeaLake,SeaLake
Forest,SeaLake
AnnualCrop,HerbaceousVegetation
Forest,Forest
HerbaceousVegetation,AnnualCrop
PermanentCrop,AnnualCrop
AnnualCrop,Forest
Residential,River
Forest,Forest
Forest,Forest
PermanentCrop,AnnualCrop
PermanentCrop,AnnualCrop
AnnualCrop,AnnualCrop
River,River
Highway,River
HerbaceousVegetation,AnnualCrop
HerbaceousVegetation,Pasture
Highway,Pasture
Forest,SeaLake
River,River
Forest,Forest
Pasture,Pasture
Highway,PermanentCrop
Forest,Forest
River,River
PermanentCrop,AnnualCrop
SeaLake,Pasture
PermanentCrop,AnnualCrop
PermanentCrop,Residential
Industrial,Industrial
HerbaceousVegetation,AnnualCrop
SeaLake,Forest
Forest,Forest
Forest,SeaLake
AnnualCrop,AnnualCrop
Forest,Forest
River,SeaLake
AnnualCrop,HerbaceousVegetation
Forest,SeaLake
Forest,SeaLake
River,Forest
AnnualCrop,AnnualCrop
HerbaceousVegetation,HerbaceousVegetation
AnnualCrop,AnnualCrop
Industrial,Industrial
AnnualCrop,AnnualCrop
AnnualCrop,HerbaceousVegetation
AnnualCrop,Residential
Pasture,AnnualCrop
Highway,PermanentCrop
Residential,Residential
HerbaceousVegetation,Residential
Industrial,Industrial
River,River
Pasture,Highway
Highway,Highway
River,River
Residential,River
Residential,Residential
SeaLake,SeaLake
Residential,Residential
AnnualCrop,AnnualCrop
SeaLake,SeaLake
Forest,SeaLake
Industrial,AnnualCrop
Forest,Forest
AnnualCrop,AnnualCrop
Forest,Forest
Pasture,Forest
Highway,Residential
River,River
Residential,Residential
PermanentCrop,AnnualCrop
Forest,Forest
Industrial,Residential
River,River
Highway,HerbaceousVegetation
River,Highway
HerbaceousVegetation,PermanentCrop
AnnualCrop,HerbaceousVegetation
AnnualCrop,River
PermanentCrop,AnnualCrop
Highway,Highway
River,Residential
HerbaceousVegetation,HerbaceousVegetation
Highway,SeaLake
Forest,Forest
PermanentCrop,PermanentCrop
Pasture,SeaLake
Industrial,River
Forest,Forest
Pasture,River
River,Pasture
PermanentCrop,PermanentCrop
River,River
SeaLake,SeaLake
SeaLake,Forest
SeaLake,Forest
Industrial,Industrial
SeaLake,HerbaceousVegetation
Residential,Residential
SeaLake,Forest
Highway,Residential
PermanentCrop,PermanentCrop
SeaLake,SeaLake
River,AnnualCrop
SeaLake,Pasture
AnnualCrop,River
Pasture,Pasture
River,River
Highway,AnnualCrop
River,River
AnnualCrop,PermanentCrop
Forest,Forest
River,Highway
Pasture,HerbaceousVegetation
Highway,Highway
Industrial,Industrial
AnnualCrop,River
Residential,Industrial
River,River
PermanentCrop,Highway
SeaLake,SeaLake
Residential,Residential
HerbaceousVegetation,Residential
Residential,Industrial
HerbaceousVegetation,PermanentCrop
SeaLake,SeaLake
SeaLake,Forest
Industrial,Residential
AnnualCrop,AnnualCrop
Residential,Industrial
Residential,Residential
Forest,SeaLake
Pasture,Forest
Highway,Pasture
PermanentCrop,HerbaceousVegetation
River,Forest
SeaLake,Forest
HerbaceousVegetation,AnnualCrop
SeaLake,Forest
AnnualCrop,HerbaceousVegetation
Residential,HerbaceousVegetation
Industrial,Residential
PermanentCrop,AnnualCrop
Forest,Forest
Residential,HerbaceousVegetation
PermanentCrop,AnnualCrop
SeaLake,SeaLake
AnnualCrop,PermanentCrop
River,Industrial
Industrial,Industrial
Forest,Forest
Residential,Pasture
Forest,Forest
Industrial,Industrial
PermanentCrop,PermanentCrop
Highway,Residential
Forest,Forest
SeaLake,SeaLake
Residential,Residential
HerbaceousVegetation,AnnualCrop
Residential,HerbaceousVegetation
Industrial,Industrial
Pasture,SeaLake
Pasture,HerbaceousVegetation
River,River
SeaLake,SeaLake
SeaLake,SeaLake
Forest,Forest
Residential,Residential
SeaLake,Forest
AnnualCrop,PermanentCrop
HerbaceousVegetation,SeaLake
HerbaceousVegetation,PermanentCrop
Residential,PermanentCrop
PermanentCrop,HerbaceousVegetation
Pasture,SeaLake
PermanentCrop,AnnualCrop
Forest,Forest
SeaLake,River
AnnualCrop,Forest
Highway,HerbaceousVegetation
AnnualCrop,HerbaceousVegetation
Forest,SeaLake
Forest,Forest
Residential,River
HerbaceousVegetation,Pasture
HerbaceousVegetation,Residential
Residential,Residential
River,SeaLake
Forest,SeaLake
HerbaceousVegetation,HerbaceousVegetation
AnnualCrop,PermanentCrop
Residential,HerbaceousVegetation
River,PermanentCrop
SeaLake,Pasture
Highway,Highway
PermanentCrop,PermanentCrop
PermanentCrop,AnnualCrop
HerbaceousVegetation,HerbaceousVegetation
Industrial,Industrial
SeaLake,Pasture
AnnualCrop,Residential
Forest,Forest
HerbaceousVegetation,HerbaceousVegetation
Forest,Pasture
PermanentCrop,HerbaceousVegetation
River,SeaLake
Industrial,Industrial
SeaLake,SeaLake
HerbaceousVegetation,HerbaceousVegetation
River,River
PermanentCrop,HerbaceousVegetation
Residential,Highway
River,River
AnnualCrop,HerbaceousVegetation
River,HerbaceousVegetation
HerbaceousVegetation,AnnualCrop
River,Pasture
SeaLake,SeaLake
Industrial,Residential
AnnualCrop,Highway
Pasture,Forest
HerbaceousVegetation,AnnualCrop
HerbaceousVegetation,HerbaceousVegetation
HerbaceousVegetation,PermanentCrop
Industrial,Residential
Pasture,Pasture
SeaLake,SeaLake
AnnualCrop,SeaLake
Residential,Residential
River,Forest
Highway,Industrial
AnnualCrop,AnnualCrop
Residential,PermanentCrop
Residential,Residential
Forest,Forest
Residential,River
Pasture,Forest
Industrial,Industrial
Highway,SeaLake
HerbaceousVegetation,Highway
Pasture,Forest
Highway,Highway
HerbaceousVegetation,HerbaceousVegetation
Residential,Residential
Industrial,River
Highway,AnnualCrop
Forest,Forest
Residential,Residential
Highway,HerbaceousVegetation
HerbaceousVegetation,Highway
Pasture,Forest
Forest,Forest
Forest,Forest
PermanentCrop,Highway
Industrial,River
Residential,SeaLake
HerbaceousVegetation,Highway
Forest,Forest
River,SeaLake
SeaLake,Pasture
HerbaceousVegetation,HerbaceousVegetation
Pasture,Pasture
HerbaceousVegetation,PermanentCrop
AnnualCrop,PermanentCrop
River,Highway
Forest,SeaLake
HerbaceousVegetation,HerbaceousVegetation
Highway,Highway
HerbaceousVegetation,HerbaceousVegetation
Industrial,Industrial
PermanentCrop,Pasture
AnnualCrop,AnnualCrop
River,SeaLake
AnnualCrop,AnnualCrop
Forest,Forest
Pasture,Pasture
Industrial,HerbaceousVegetation
Forest,Forest
Highway,Residential
Forest,SeaLake
Forest,Forest
SeaLake,Forest
Highway,Pasture
Highway,Pasture
HerbaceousVegetation,AnnualCrop
AnnualCrop,AnnualCrop
AnnualCrop,HerbaceousVegetation
PermanentCrop,AnnualCrop
Forest,Forest
River,Forest
River,River
Forest,Forest
Forest,Forest
SeaLake,Pasture
SeaLake,SeaLake
HerbaceousVegetation,HerbaceousVegetation
Pasture,SeaLake
Residential,Highway
Forest,Forest
Industrial,Industrial
Industrial,AnnualCrop
HerbaceousVegetation,AnnualCrop
SeaLake,SeaLake
River,River
PermanentCrop,Residential
Forest,Forest
AnnualCrop,AnnualCrop
Highway,HerbaceousVegetation
Highway,Highway
HerbaceousVegetation,Forest
Industrial,PermanentCrop
PermanentCrop,HerbaceousVegetation
Industrial,River
SeaLake,Pasture
HerbaceousVegetation,PermanentCrop
AnnualCrop,Pasture
HerbaceousVegetation,HerbaceousVegetation
Highway,HerbaceousVegetation
SeaLake,Pasture
River,Forest
Industrial,Industrial
HerbaceousVegetation,AnnualCrop
PermanentCrop,HerbaceousVegetation
Forest,Forest
AnnualCrop,Highway
SeaLake,SeaLake
PermanentCrop,Pasture
AnnualCrop,River
River,Pasture
Pasture,Forest
HerbaceousVegetation,Forest
HerbaceousVegetation,AnnualCrop
Pasture,HerbaceousVegetation
Industrial,Industrial
HerbaceousVegetation,AnnualCrop
Highway,Residential
HerbaceousVegetation,AnnualCrop
Forest,Forest
AnnualCrop,Forest
Forest,SeaLake
AnnualCrop,HerbaceousVegetation
PermanentCrop,PermanentCrop
HerbaceousVegetation,AnnualCrop
Residential,Highway
Forest,Forest
Forest,Forest
River,River
SeaLake,SeaLake
Highway,HerbaceousVegetation
Pasture,SeaLake
Pasture,Pasture
Pasture,Pasture
Residential,Residential
Forest,Pasture
Industrial,Residential
SeaLake,SeaLake
Residential,HerbaceousVegetation
SeaLake,SeaLake
Residential,PermanentCrop
Forest,Forest
PermanentCrop,HerbaceousVegetation
AnnualCrop,AnnualCrop
AnnualCrop,PermanentCrop
Industrial,Industrial
AnnualCrop,AnnualCrop
Forest,Forest
SeaLake,SeaLake
Residential,HerbaceousVegetation
HerbaceousVegetation,HerbaceousVegetation
Residential,River
SeaLake,SeaLake
AnnualCrop,PermanentCrop
Highway,PermanentCrop
Pasture,SeaLake
Highway,HerbaceousVegetation
River,PermanentCrop
AnnualCrop,AnnualCrop
PermanentCrop,AnnualCrop
Industrial,Industrial
Highway,River
Industrial,Industrial
HerbaceousVegetation,HerbaceousVegetation
Residential,AnnualCrop
PermanentCrop,Industrial
Pasture,Pasture
Forest,Forest
Pasture,HerbaceousVegetation
PermanentCrop,AnnualCrop
Industrial,Industrial
Forest,Forest
Highway,Forest
HerbaceousVegetation,HerbaceousVegetation
AnnualCrop,PermanentCrop
Industrial,River
Residential,Highway
Industrial,Industrial
Residential,Industrial
HerbaceousVegetation,AnnualCrop
Forest,Pasture
Residential,HerbaceousVegetation
Pasture,Pasture
PermanentCrop,HerbaceousVegetation
Highway,Highway
PermanentCrop,Industrial
Forest,Forest
SeaLake,SeaLake
AnnualCrop,PermanentCrop
River,SeaLake
Forest,SeaLake
AnnualCrop,Pasture
SeaLake,Forest
PermanentCrop,PermanentCrop
Industrial,AnnualCrop
River,River
HerbaceousVegetation,AnnualCrop
Pasture,Pasture
PermanentCrop,Pasture
SeaLake,Forest
River,River
AnnualCrop,Residential
SeaLake,SeaLake
River,SeaLake
SeaLake,Forest
Forest,Forest
SeaLake,Pasture
Forest,SeaLake
Residential,AnnualCrop
River,Pasture
River,AnnualCrop
Industrial,Industrial
AnnualCrop,Forest
Forest,Forest
HerbaceousVegetation,HerbaceousVegetation
SeaLake,SeaLake
Highway,Highway
Pasture,HerbaceousVegetation
HerbaceousVegetation,AnnualCrop
Forest,Forest
AnnualCrop,River
AnnualCrop,AnnualCrop
Forest,Forest
Pasture,PermanentCrop
Forest,Forest
PermanentCrop,Residential
AnnualCrop,AnnualCrop
SeaLake,River
PermanentCrop,River
HerbaceousVegetation,Forest
River,HerbaceousVegetation
Pasture,SeaLake
Forest,SeaLake
Industrial,Industrial
AnnualCrop,PermanentCrop
Pasture,Pasture
AnnualCrop,AnnualCrop
River,Highway
AnnualCrop,HerbaceousVegetation
SeaLake,Forest
SeaLake,SeaLake
PermanentCrop,HerbaceousVegetation
Residential,Residential
Pasture,SeaLake
SeaLake,SeaLake
Industrial,Industrial
Forest,SeaLake
SeaLake,SeaLake
Highway,Highway
AnnualCrop,AnnualCrop
HerbaceousVegetation,HerbaceousVegetation
SeaLake,Forest
PermanentCrop,HerbaceousVegetation
Residential,Residential
SeaLake,Pasture
HerbaceousVegetation,PermanentCrop
Residential,HerbaceousVegetation
SeaLake,Forest
SeaLake,SeaLake
River,River
Residential,AnnualCrop
Highway,PermanentCrop
River,SeaLake
Forest,Forest
HerbaceousVegetation,AnnualCrop
River,Highway
River,River
River,Pasture
Highway,Highway
Residential,PermanentCrop
Pasture,Forest
Highway,River
Forest,Forest
PermanentCrop,AnnualCrop
Pasture,Forest
AnnualCrop,AnnualCrop
PermanentCrop,Residential
Residential,HerbaceousVegetation
Industrial,Residential
Pasture,Highway
River,River
River,SeaLake
River,SeaLake
HerbaceousVegetation,HerbaceousVegetation
Residential,Highway
River,River
AnnualCrop,SeaLake
PermanentCrop,HerbaceousVegetation
Industrial,Industrial
Highway,River
Forest,Forest
HerbaceousVegetation,Residential
PermanentCrop,HerbaceousVegetation
Residential,HerbaceousVegetation
Pasture,Pasture
River,AnnualCrop
Highway,River
Forest,SeaLake
PermanentCrop,PermanentCrop
Pasture,SeaLake
Pasture,SeaLake
Forest,Forest
Forest,Forest
Highway,Highway
SeaLake,SeaLake
River,Pasture
PermanentCrop,HerbaceousVegetation
Highway,River
Industrial,Industrial
PermanentCrop,PermanentCrop
Forest,Forest
HerbaceousVegetation,Residential
Industrial,Industrial
Residential,HerbaceousVegetation
Forest,Forest
Industrial,Industrial
Forest,SeaLake
Pasture,PermanentCrop
Highway,Highway
Residential,AnnualCrop
Highway,River
River,HerbaceousVegetation
Residential,Industrial
Industrial,Industrial
HerbaceousVegetation,PermanentCrop
Pasture,Forest
SeaLake,SeaLake
Highway,Highway
River,Highway
Industrial,Industrial
Pasture,HerbaceousVegetation
Forest,Forest
Residential,River
Forest,Forest
AnnualCrop,PermanentCrop
Forest,Pasture
Industrial,Residential
Industrial,Residential
PermanentCrop,HerbaceousVegetation
Highway,Highway
Industrial,Industrial
PermanentCrop,Forest
River,Pasture
Highway,River
SeaLake,AnnualCrop
Highway,River
Forest,Forest
HerbaceousVegetation,PermanentCrop
HerbaceousVegetation,Residential
Residential,HerbaceousVegetation
Industrial,Industrial
HerbaceousVegetation,AnnualCrop
SeaLake,Pasture
Residential,Highway
AnnualCrop,SeaLake
PermanentCrop,PermanentCrop
Forest,Forest
SeaLake,AnnualCrop
AnnualCrop,Forest
Residential,Highway
HerbaceousVegetation,HerbaceousVegetation
Residential,HerbaceousVegetation
HerbaceousVegetation,HerbaceousVegetation
Highway,HerbaceousVegetation
AnnualCrop,PermanentCrop
Highway,Highway
Pasture,HerbaceousVegetation
AnnualCrop,PermanentCrop
Pasture,Pasture
HerbaceousVegetation,Residential
River,AnnualCrop
SeaLake,SeaLake
Forest,SeaLake
Residential,Pasture
AnnualCrop,Residential
Highway,River
Residential,Residential
AnnualCrop,AnnualCrop
River,SeaLake
HerbaceousVegetation,HerbaceousVegetation
Forest,Forest
PermanentCrop,AnnualCrop
SeaLake,Forest
AnnualCrop,AnnualCrop
PermanentCrop,Highway
PermanentCrop,Industrial
River,AnnualCrop
PermanentCrop,HerbaceousVegetation
SeaLake,River
AnnualCrop,AnnualCrop
River,AnnualCrop
Pasture,Pasture
Pasture,SeaLake
Residential,PermanentCrop
Residential,Highway
River,HerbaceousVegetation
Highway,Highway
Highway,AnnualCrop
River,River
HerbaceousVegetation,HerbaceousVegetation
Pasture,Forest
Residential,PermanentCrop
Highway,PermanentCrop
Industrial,Industrial
River,Pasture
River,River
SeaLake,Highway
Forest,SeaLake
Highway,HerbaceousVegetation
AnnualCrop,AnnualCrop
SeaLake,River
Pasture,River
Industrial,Residential
Pasture,Pasture
PermanentCrop,AnnualCrop
Residential,Residential
SeaLake,SeaLake
Residential,Highway
Pasture,AnnualCrop
Industrial,Residential
AnnualCrop,AnnualCrop
Highway,Highway
River,Highway
HerbaceousVegetation,AnnualCrop
SeaLake,Forest
Residential,AnnualCrop
River,Highway
Pasture,Forest
HerbaceousVegetation,HerbaceousVegetation
River,AnnualCrop
River,HerbaceousVegetation
HerbaceousVegetation,HerbaceousVegetation
Forest,Forest
AnnualCrop,AnnualCrop
Pasture,Pasture
Pasture,Forest
Highway,Forest
Forest,Forest
Highway,River
Residential,Highway
HerbaceousVegetation,PermanentCrop
SeaLake,Pasture
Forest,Forest
Forest,SeaLake
River,River
Highway,AnnualCrop
Forest,Forest
River,HerbaceousVegetation
Residential,HerbaceousVegetation
River,Residential
Pasture,River
Highway,Highway
River,Highway
Industrial,Industrial
SeaLake,SeaLake
PermanentCrop,Pasture
Highway,HerbaceousVegetation
PermanentCrop,PermanentCrop
Highway,AnnualCrop
Highway,River
Highway,Residential
SeaLake,SeaLake
Highway,HerbaceousVegetation
AnnualCrop,AnnualCrop
Residential,Highway
SeaLake,Forest
AnnualCrop,AnnualCrop
River,SeaLake
HerbaceousVegetation,HerbaceousVegetation
Residential,AnnualCrop
Forest,Forest
Highway,HerbaceousVegetation
Industrial,Industrial
Forest,Forest
SeaLake,SeaLake
Forest,SeaLake
SeaLake,Pasture
HerbaceousVegetation,Forest
River,River
Residential,Residential
Industrial,Industrial
Residential,Residential
SeaLake,Forest
PermanentCrop,HerbaceousVegetation
Residential,Highway
Forest,SeaLake
HerbaceousVegetation,PermanentCrop
AnnualCrop,PermanentCrop
HerbaceousVegetation,PermanentCrop
PermanentCrop,PermanentCrop
Pasture,Highway
Pasture,Highway
Forest,SeaLake
River,SeaLake
Residential,Residential
AnnualCrop,Industrial
Residential,Highway
Forest,SeaLake
SeaLake,Pasture
PermanentCrop,Highway
Forest,Forest
Industrial,Industrial
Industrial,Highway
HerbaceousVegetation,AnnualCrop
River,Industrial
AnnualCrop,AnnualCrop
River,HerbaceousVegetation
Residential,PermanentCrop
SeaLake,Forest
Pasture,Pasture
Residential,Highway
HerbaceousVegetation,HerbaceousVegetation
Forest,Forest
Industrial,Industrial
SeaLake,SeaLake
Residential,River
AnnualCrop,AnnualCrop
HerbaceousVegetation,HerbaceousVegetation
Forest,SeaLake
River,River
Residential,PermanentCrop
SeaLake,SeaLake
Pasture,Forest
Industrial,Industrial
HerbaceousVegetation,Residential
Highway,AnnualCrop
River,AnnualCrop
River,Forest
PermanentCrop,Residential
HerbaceousVegetation,HerbaceousVegetation
Highway,Pasture
Industrial,Industrial
HerbaceousVegetation,Residential
Residential,Highway
Residential,Residential
River,PermanentCrop
Forest,Forest
Forest,Forest
SeaLake,HerbaceousVegetation
Forest,Forest
HerbaceousVegetation,AnnualCrop
PermanentCrop,AnnualCrop
Residential,Highway
River,River
Forest,SeaLake
River,Highway
SeaLake,River
AnnualCrop,HerbaceousVegetation
Residential,Residential
PermanentCrop,PermanentCrop
PermanentCrop,AnnualCrop
PermanentCrop,PermanentCrop
Residential,Residential
Highway,HerbaceousVegetation
PermanentCrop,HerbaceousVegetation
PermanentCrop,AnnualCrop
Pasture,Forest
PermanentCrop,HerbaceousVegetation
Forest,Forest
AnnualCrop,HerbaceousVegetation
Highway,HerbaceousVegetation
Industrial,Industrial
Industrial,HerbaceousVegetation
Pasture,Forest
Residential,Residential
Forest,Forest
SeaLake,SeaLake
AnnualCrop,AnnualCrop
SeaLake,SeaLake
Highway,Forest
River,Industrial
Forest,Forest
AnnualCrop,PermanentCrop
Residential,Residential
SeaLake,HerbaceousVegetation
SeaLake,River
AnnualCrop,AnnualCrop
Industrial,Industrial
PermanentCrop,PermanentCrop
Residential,Highway
PermanentCrop,PermanentCrop
AnnualCrop,AnnualCrop
AnnualCrop,River
Residential,SeaLake
Forest,Forest
Residential,Highway
HerbaceousVegetation,PermanentCrop
AnnualCrop,Pasture
HerbaceousVegetation,HerbaceousVegetation
AnnualCrop,PermanentCrop
Pasture,Pasture
SeaLake,SeaLake
Pasture,SeaLake
AnnualCrop,AnnualCrop
Highway,HerbaceousVegetation
Highway,Highway
AnnualCrop,PermanentCrop
AnnualCrop,AnnualCrop
Highway,Pasture
Industrial,Industrial
Industrial,HerbaceousVegetation
Industrial,HerbaceousVegetation
Residential,AnnualCrop
Residential,River
Residential,Residential
Industrial,Highway
Highway,HerbaceousVegetation
PermanentCrop,Pasture
HerbaceousVegetation,SeaLake
Forest,SeaLake
HerbaceousVegetation,AnnualCrop
River,Forest
River,SeaLake
AnnualCrop,Industrial
Residential,AnnualCrop
HerbaceousVegetation,HerbaceousVegetation
SeaLake,Pasture
Forest,Forest
PermanentCrop,AnnualCrop
HerbaceousVegetation,HerbaceousVegetation
Highway,AnnualCrop
PermanentCrop,AnnualCrop
HerbaceousVegetation,HerbaceousVegetation
Forest,Forest
HerbaceousVegetation,Pasture
Forest,Forest
Residential,Residential
AnnualCrop,Pasture
PermanentCrop,AnnualCrop
Residential,Industrial
Residential,Highway
SeaLake,Forest
River,Industrial
Residential,Highway
River,River
HerbaceousVegetation,HerbaceousVegetation
Forest,Forest
Forest,Forest
Industrial,Industrial
Residential,PermanentCrop
Highway,Pasture
HerbaceousVegetation,HerbaceousVegetation
Industrial,Industrial
SeaLake,SeaLake
PermanentCrop,PermanentCrop
Industrial,Industrial
Forest,Forest
AnnualCrop,AnnualCrop
Residential,PermanentCrop
Pasture,Forest
AnnualCrop,HerbaceousVegetation
HerbaceousVegetation,AnnualCrop
Industrial,Industrial
Highway,SeaLake
HerbaceousVegetation,HerbaceousVegetation
PermanentCrop,HerbaceousVegetation
Forest,SeaLake
AnnualCrop,Residential
Residential,HerbaceousVegetation
River,River
SeaLake,SeaLake
Residential,HerbaceousVegetation
Highway,Highway
HerbaceousVegetation,HerbaceousVegetation
SeaLake,SeaLake
Industrial,AnnualCrop
Forest,Forest
Forest,Forest
Residential,AnnualCrop
AnnualCrop,AnnualCrop
River,HerbaceousVegetation
Industrial,Pasture
AnnualCrop,AnnualCrop
River,River
Industrial,Industrial
Industrial,Industrial
Forest,Forest
Residential,Industrial
Pasture,SeaLake
Pasture,Pasture
HerbaceousVegetation,Residential
Residential,Residential
AnnualCrop,Residential
PermanentCrop,PermanentCrop
River,SeaLake
Industrial,Industrial
Forest,SeaLake
Residential,Highway
HerbaceousVegetation,HerbaceousVegetation
AnnualCrop,River
Residential,Residential
Residential,SeaLake
AnnualCrop,AnnualCrop
AnnualCrop,AnnualCrop
Industrial,Industrial
Forest,Forest
HerbaceousVegetation,PermanentCrop
River,Highway
Forest,Forest
Residential,Residential
Highway,Highway
Residential,AnnualCrop
PermanentCrop,Highway
SeaLake,Pasture
Residential,River
AnnualCrop,PermanentCrop
River,SeaLake
Industrial,Industrial
SeaLake,HerbaceousVegetation
River,HerbaceousVegetation
Highway,Highway
AnnualCrop,Industrial
Industrial,Highway
Highway,HerbaceousVegetation
HerbaceousVegetation,Industrial
AnnualCrop,HerbaceousVegetation
Highway,River
Highway,AnnualCrop
Residential,Highway
Industrial,HerbaceousVegetation
SeaLake,Pasture
Highway,AnnualCrop
Pasture,SeaLake
AnnualCrop,Industrial
PermanentCrop,AnnualCrop
Forest,Forest
HerbaceousVegetation,Highway
SeaLake,River
SeaLake,Forest
AnnualCrop,Residential
HerbaceousVegetation,HerbaceousVegetation
PermanentCrop,Highway
Forest,Forest
SeaLake,SeaLake
Forest,Forest
Residential,Residential
Pasture,SeaLake
River,SeaLake
SeaLake,SeaLake
Pasture,Pasture
AnnualCrop,AnnualCrop
Forest,Forest
HerbaceousVegetation,HerbaceousVegetation
SeaLake,SeaLake
Residential,Highway
Highway,AnnualCrop
Forest,SeaLake
River,Highway
River,River
Industrial,Highway
Residential,River
HerbaceousVegetation,HerbaceousVegetation
Highway,Pasture
River,River
PermanentCrop,Pasture
HerbaceousVegetation,HerbaceousVegetation
Forest,Forest
SeaLake,Pasture
Forest,Forest
Forest,Forest
Industrial,Industrial
Residential,Highway
Highway,Residential
Pasture,Pasture
PermanentCrop,AnnualCrop
Residential,HerbaceousVegetation
Forest,Forest
PermanentCrop,AnnualCrop
River,Pasture
AnnualCrop,AnnualCrop
Forest,Forest
AnnualCrop,AnnualCrop
Residential,Industrial
Forest,SeaLake
Highway,Highway
Highway,Highway
Pasture,River
Pasture,SeaLake
SeaLake,Pasture
Pasture,SeaLake
HerbaceousVegetation,HerbaceousVegetation
PermanentCrop,PermanentCrop
PermanentCrop,HerbaceousVegetation
Industrial,Industrial
Forest,Forest
SeaLake,Forest
PermanentCrop,AnnualCrop
Forest,Forest
PermanentCrop,HerbaceousVegetation
HerbaceousVegetation,Forest
PermanentCrop,HerbaceousVegetation
River,SeaLake
HerbaceousVegetation,AnnualCrop
Forest,Forest
Residential,AnnualCrop
Residential,SeaLake
Industrial,Industrial
SeaLake,Forest
River,Pasture
Residential,AnnualCrop
Forest,SeaLake
Industrial,River
Industrial,Industrial
AnnualCrop,Highway
Highway,HerbaceousVegetation
PermanentCrop,AnnualCrop
River,SeaLake
Pasture,River
Pasture,PermanentCrop
SeaLake,SeaLake
PermanentCrop,AnnualCrop
Forest,Forest
Highway,HerbaceousVegetation
PermanentCrop,PermanentCrop
Industrial,Industrial
HerbaceousVegetation,AnnualCrop
Highway,AnnualCrop
Residential,Highway
River,HerbaceousVegetation
PermanentCrop,AnnualCrop
PermanentCrop,AnnualCrop
Industrial,Industrial
Highway,Forest
Industrial,Industrial
SeaLake,Forest
Industrial,Industrial
Pasture,River
PermanentCrop,AnnualCrop
AnnualCrop,AnnualCrop
Forest,Forest
HerbaceousVegetation,Residential
Forest,Forest
Forest,Forest
River,River
PermanentCrop,Residential
SeaLake,SeaLake
PermanentCrop,HerbaceousVegetation
Forest,Forest
Forest,Forest
PermanentCrop,PermanentCrop
River,River
SeaLake,SeaLake
PermanentCrop,Industrial
SeaLake,SeaLake
Residential,Residential
Residential,Industrial
Industrial,Residential
AnnualCrop,AnnualCrop
Residential,Residential
Forest,Forest
Industrial,Industrial
PermanentCrop,PermanentCrop
PermanentCrop,Residential
Forest,Forest
Highway,AnnualCrop
AnnualCrop,HerbaceousVegetation
AnnualCrop,River
Industrial,Residential
River,Forest
SeaLake,Pasture
Forest,Forest
Forest,SeaLake
HerbaceousVegetation,AnnualCrop
HerbaceousVegetation,PermanentCrop
Residential,PermanentCrop
Residential,River
SeaLake,SeaLake
Highway,PermanentCrop
Residential,HerbaceousVegetation
SeaLake,SeaLake
Forest,Forest
AnnualCrop,PermanentCrop
PermanentCrop,HerbaceousVegetation
River,Industrial
AnnualCrop,AnnualCrop
Residential,Highway
SeaLake,Pasture
Pasture,Pasture
HerbaceousVegetation,Highway
SeaLake,SeaLake
Residential,SeaLake
SeaLake,SeaLake
River,River
HerbaceousVegetation,Residential
HerbaceousVegetation,HerbaceousVegetation
HerbaceousVegetation,Industrial
SeaLake,SeaLake
AnnualCrop,AnnualCrop
PermanentCrop,River
HerbaceousVegetation,Forest
Industrial,Highway
SeaLake,Pasture
Residential,AnnualCrop
Pasture,SeaLake
Forest,Forest
Pasture,SeaLake
Highway,SeaLake
Forest,Forest
Highway,Highway
PermanentCrop,AnnualCrop
Pasture,Residential
Residential,Residential
SeaLake,HerbaceousVegetation
PermanentCrop,HerbaceousVegetation
PermanentCrop,PermanentCrop
HerbaceousVegetation,HerbaceousVegetation
HerbaceousVegetation,HerbaceousVegetation
HerbaceousVegetation,AnnualCrop
SeaLake,HerbaceousVegetation
SeaLake,Forest
PermanentCrop,AnnualCrop
River,River
HerbaceousVegetation,River
HerbaceousVegetation,AnnualCrop
PermanentCrop,PermanentCrop
Pasture,Pasture
SeaLake,SeaLake
Residential,Residential
AnnualCrop,PermanentCrop
SeaLake,SeaLake
Residential,Highway
AnnualCrop,River
Pasture,Pasture
Forest,SeaLake
River,AnnualCrop
PermanentCrop,HerbaceousVegetation
SeaLake,SeaLake
Residential,AnnualCrop
HerbaceousVegetation,AnnualCrop
Forest,Forest
HerbaceousVegetation,HerbaceousVegetation
AnnualCrop,River
Residential,Residential
Forest,Forest
Industrial,Highway
PermanentCrop,HerbaceousVegetation
Pasture,Forest
Highway,Industrial
HerbaceousVegetation,SeaLake
SeaLake,Residential
Highway,Highway
Industrial,Residential
Pasture,Forest
Industrial,Industrial
PermanentCrop,Residential
SeaLake,SeaLake
River,River
PermanentCrop,Highway
Residential,River
River,SeaLake
Pasture,SeaLake
Industrial,Industrial
River,Highway
Highway,PermanentCrop
HerbaceousVegetation,Forest
Industrial,Industrial
Highway,SeaLake
Forest,Forest
SeaLake,SeaLake
PermanentCrop,AnnualCrop
Pasture,Forest
PermanentCrop,AnnualCrop
SeaLake,SeaLake
Pasture,Pasture
Pasture,Pasture
River,River
Pasture,AnnualCrop
Residential,HerbaceousVegetation
River,River
Pasture,SeaLake
Forest,Forest
Highway,Highway
PermanentCrop,PermanentCrop
Pasture,Forest
Highway,Highway
Residential,PermanentCrop
Highway,Highway
AnnualCrop,AnnualCrop
Industrial,Residential
AnnualCrop,Residential
Forest,Forest
River,River
HerbaceousVegetation,PermanentCrop
River,River
River,Pasture
HerbaceousVegetation,AnnualCrop
Industrial,Industrial
HerbaceousVegetation,HerbaceousVegetation
HerbaceousVegetation,PermanentCrop
SeaLake,Pasture
SeaLake,SeaLake
Residential,Industrial
Industrial,HerbaceousVegetation
PermanentCrop,PermanentCrop
Highway,Highway
HerbaceousVegetation,PermanentCrop
Residential,Highway
HerbaceousVegetation,River
HerbaceousVegetation,PermanentCrop
Residential,Highway
Highway,Forest
Forest,SeaLake
PermanentCrop,HerbaceousVegetation
PermanentCrop,PermanentCrop
Forest,Forest
Industrial,Residential
Pasture,PermanentCrop
AnnualCrop,Industrial
Forest,SeaLake
Highway,AnnualCrop
HerbaceousVegetation,Residential
Highway,River
River,River
SeaLake,SeaLake
AnnualCrop,HerbaceousVegetation
PermanentCrop,AnnualCrop
Residential,River
AnnualCrop,HerbaceousVegetation
HerbaceousVegetation,HerbaceousVegetation
HerbaceousVegetation,HerbaceousVegetation
Pasture,Highway
PermanentCrop,AnnualCrop
Forest,Forest
Industrial,Residential
AnnualCrop,AnnualCrop
PermanentCrop,Residential
Residential,Industrial
Industrial,River
Industrial,Industrial
HerbaceousVegetation,Forest
PermanentCrop,AnnualCrop
SeaLake,SeaLake
PermanentCrop,Pasture
River,Highway
Highway,River
SeaLake,SeaLake
SeaLake,SeaLake
Highway,Highway
SeaLake,SeaLake
River,River
SeaLake,SeaLake
HerbaceousVegetation,HerbaceousVegetation
Forest,Forest
Highway,Residential
Residential,HerbaceousVegetation
AnnualCrop,Residential
HerbaceousVegetation,AnnualCrop
Highway,Highway
Residential,Residential
Residential,Residential
Forest,SeaLake
River,Pasture
SeaLake,SeaLake
HerbaceousVegetation,HerbaceousVegetation
SeaLake,Forest
Forest,Forest
HerbaceousVegetation,SeaLake
Highway,AnnualCrop
River,River
Industrial,Industrial
SeaLake,Pasture
Highway,Highway
River,River
AnnualCrop,Residential
Highway,Highway
Pasture,Forest
Residential,Residential
Industrial,Residential
Industrial,Residential
SeaLake,Highway
HerbaceousVegetation,HerbaceousVegetation
SeaLake,Forest
River,SeaLake
AnnualCrop,HerbaceousVegetation
PermanentCrop,PermanentCrop
Pasture,River
AnnualCrop,AnnualCrop
HerbaceousVegetation,AnnualCrop
PermanentCrop,AnnualCrop
SeaLake,SeaLake
Forest,Forest
River,Highway
SeaLake,SeaLake
Residential,Industrial
Industrial,HerbaceousVegetation
Residential,Industrial
Pasture,Pasture
Residential,HerbaceousVegetation
Forest,Forest
HerbaceousVegetation,Residential
SeaLake,Pasture
Industrial,HerbaceousVegetation
SeaLake,SeaLake
Pasture,Residential
Forest,Forest
Highway,Highway
River,SeaLake
HerbaceousVegetation,Highway
SeaLake,SeaLake
SeaLake,Pasture
Residential,Highway
Forest,Forest
Highway,Residential
AnnualCrop,HerbaceousVegetation
HerbaceousVegetation,River
AnnualCrop,AnnualCrop
Forest,Forest
SeaLake,Pasture
Forest,SeaLake
Industrial,Industrial
Highway,Highway
PermanentCrop,Pasture
PermanentCrop,Residential
PermanentCrop,HerbaceousVegetation
AnnualCrop,Residential
PermanentCrop,HerbaceousVegetation
Industrial,Industrial
Industrial,River
Forest,Forest
SeaLake,SeaLake
Pasture,SeaLake
HerbaceousVegetation,AnnualCrop
River,Forest
HerbaceousVegetation,AnnualCrop
Residential,Highway
AnnualCrop,HerbaceousVegetation
HerbaceousVegetation,AnnualCrop
Highway,SeaLake
HerbaceousVegetation,HerbaceousVegetation
AnnualCrop,Pasture
Industrial,AnnualCrop
Forest,Forest
Forest,Forest
AnnualCrop,PermanentCrop
Residential,SeaLake
PermanentCrop,Highway
HerbaceousVegetation,AnnualCrop
AnnualCrop,HerbaceousVegetation
Forest,Forest
Residential,PermanentCrop
AnnualCrop,AnnualCrop
Highway,Highway
Pasture,Forest
SeaLake,SeaLake
Forest,Forest
AnnualCrop,HerbaceousVegetation
Forest,SeaLake
Industrial,Residential
Highway,AnnualCrop
Residential,Industrial
Forest,SeaLake
SeaLake,SeaLake
Forest,Forest
River,River
SeaLake,SeaLake
Residential,Forest
Highway,HerbaceousVegetation
AnnualCrop,PermanentCrop
River,Pasture
Forest,SeaLake
River,River
Residential,River
Forest,Forest
Forest,SeaLake
SeaLake,Pasture
Pasture,Forest
SeaLake,Highway
River,Highway
Forest,SeaLake
SeaLake,SeaLake
Forest,Forest
Forest,Forest
SeaLake,Pasture
Pasture,Forest
Forest,SeaLake
HerbaceousVegetation,HerbaceousVegetation
Residential,River
PermanentCrop,AnnualCrop
River,SeaLake
PermanentCrop,River
AnnualCrop,AnnualCrop
Pasture,Pasture
Residential,AnnualCrop
Residential,HerbaceousVegetation
Residential,Highway
SeaLake,SeaLake
HerbaceousVegetation,Residential
PermanentCrop,HerbaceousVegetation
HerbaceousVegetation,HerbaceousVegetation
Forest,SeaLake
HerbaceousVegetation,AnnualCrop
Forest,SeaLake
Highway,HerbaceousVegetation
Pasture,Forest
River,River
AnnualCrop,PermanentCrop
AnnualCrop,PermanentCrop
River,HerbaceousVegetation
River,SeaLake
River,HerbaceousVegetation
HerbaceousVegetation,HerbaceousVegetation
PermanentCrop,AnnualCrop
Forest,Pasture
Pasture,PermanentCrop
Forest,SeaLake
AnnualCrop,Residential
Forest,Forest
Highway,AnnualCrop
Residential,AnnualCrop
PermanentCrop,HerbaceousVegetation
Industrial,Industrial
HerbaceousVegetation,PermanentCrop
Pasture,AnnualCrop
River,River
AnnualCrop,Residential
Pasture,River
Industrial,Industrial
SeaLake,SeaLake
PermanentCrop,Industrial
HerbaceousVegetation,Residential
Industrial,PermanentCrop
SeaLake,Residential
Pasture,Pasture
AnnualCrop,AnnualCrop
Residential,AnnualCrop
SeaLake,SeaLake
Forest,SeaLake
Forest,SeaLake
Highway,Highway
Highway,HerbaceousVegetation
Industrial,Residential
AnnualCrop,PermanentCrop
River,Pasture
SeaLake,SeaLake
Residential,HerbaceousVegetation
Residential,HerbaceousVegetation
Forest,Forest
AnnualCrop,AnnualCrop
AnnualCrop,AnnualCrop
Pasture,Pasture
Residential,HerbaceousVegetation
PermanentCrop,AnnualCrop
HerbaceousVegetation,AnnualCrop
Forest,Forest
SeaLake,Pasture
HerbaceousVegetation,River
Forest,SeaLake
River,Forest
Highway,PermanentCrop
PermanentCrop,River
AnnualCrop,AnnualCrop
Pasture,Pasture
Residential,Highway
Residential,Highway
SeaLake,Forest
Industrial,Industrial
Highway,AnnualCrop
AnnualCrop,AnnualCrop
Industrial,AnnualCrop
Residential,Highway
SeaLake,HerbaceousVegetation
River,Pasture
AnnualCrop,AnnualCrop
PermanentCrop,HerbaceousVegetation
Pasture,Forest
HerbaceousVegetation,Forest
HerbaceousVegetation,Residential
Highway,AnnualCrop
Industrial,Residential
HerbaceousVegetation,Residential
SeaLake,Pasture
SeaLake,Forest
River,Highway
Forest,Forest
AnnualCrop,PermanentCrop
Pasture,Pasture
River,Highway
Residential,HerbaceousVegetation
Industrial,Industrial
Industrial,Industrial
AnnualCrop,River
PermanentCrop,HerbaceousVegetation
SeaLake,SeaLake
HerbaceousVegetation,River
AnnualCrop,PermanentCrop
HerbaceousVegetation,PermanentCrop
Industrial,AnnualCrop
River,HerbaceousVegetation
AnnualCrop,AnnualCrop
Residential,Highway
HerbaceousVegetation,HerbaceousVegetation
SeaLake,Forest
HerbaceousVegetation,AnnualCrop
Industrial,Industrial
Pasture,Pasture
Residential,Highway
HerbaceousVegetation,Industrial
River,Forest
River,River
Forest,Forest
River,River
Highway,Highway
HerbaceousVegetation,HerbaceousVegetation
River,SeaLake
Residential,PermanentCrop
PermanentCrop,PermanentCrop
Pasture,AnnualCrop
AnnualCrop,Pasture
Highway,PermanentCrop
HerbaceousVegetation,AnnualCrop
PermanentCrop,PermanentCrop
AnnualCrop,PermanentCrop
Forest,SeaLake
AnnualCrop,PermanentCrop
Residential,River
Highway,PermanentCrop
Industrial,Industrial
Highway,HerbaceousVegetation
Residential,Forest
Forest,SeaLake
HerbaceousVegetation,AnnualCrop
PermanentCrop,Industrial
SeaLake,Forest
Pasture,Forest
Highway,SeaLake
Forest,Forest
HerbaceousVegetation,AnnualCrop
Industrial,Industrial
AnnualCrop,HerbaceousVegetation
AnnualCrop,PermanentCrop
Industrial,Highway
SeaLake,Pasture
Residential,Forest
Highway,River
Pasture,Pasture
Highway,HerbaceousVegetation
Highway,HerbaceousVegetation
HerbaceousVegetation,AnnualCrop
Forest,Forest
Industrial,River
Industrial,Industrial
Pasture,Pasture
Highway,Highway
AnnualCrop,AnnualCrop
River,AnnualCrop
Highway,PermanentCrop
Forest,Forest
River,Pasture
River,Forest
River,SeaLake
River,River
Residential,Industrial
River,River
River,River
Highway,Highway
Highway,River
River,River
Pasture,Forest
Forest,Forest
Pasture,Pasture
Pasture,Pasture
HerbaceousVegetation,HerbaceousVegetation
PermanentCrop,PermanentCrop
PermanentCrop,AnnualCrop
HerbaceousVegetation,Highway
Forest,Forest
AnnualCrop,AnnualCrop
Pasture,Pasture
AnnualCrop,AnnualCrop
Residential,Industrial
HerbaceousVegetation,Highway
Industrial,HerbaceousVegetation
Pasture,PermanentCrop
Highway,SeaLake
SeaLake,Pasture
Industrial,AnnualCrop
Industrial,Industrial
Pasture,Forest
HerbaceousVegetation,River
SeaLake,SeaLake
Highway,Residential
SeaLake,Pasture
Forest,SeaLake
HerbaceousVegetation,HerbaceousVegetation
Residential,AnnualCrop
Residential,AnnualCrop
River,Highway
SeaLake,Pasture
SeaLake,HerbaceousVegetation
PermanentCrop,HerbaceousVegetation
Forest,Forest
River,SeaLake
AnnualCrop,AnnualCrop
Forest,SeaLake
PermanentCrop,Forest
Forest,SeaLake
Residential,HerbaceousVegetation
PermanentCrop,AnnualCrop
Pasture,Pasture
Forest,SeaLake
HerbaceousVegetation,AnnualCrop
Industrial,Highway
Highway,Residential
Highway,HerbaceousVegetation
AnnualCrop,Pasture
Highway,Forest
PermanentCrop,AnnualCrop
PermanentCrop,Residential
Forest,Forest
Pasture,Forest
Industrial,Industrial
AnnualCrop,Industrial
Highway,PermanentCrop
Forest,SeaLake
AnnualCrop,Industrial
Highway,Highway
Residential,HerbaceousVegetation
Residential,HerbaceousVegetation
Forest,Forest
River,Forest
Residential,Residential
River,River
River,Highway
HerbaceousVegetation,HerbaceousVegetation
Residential,HerbaceousVegetation
AnnualCrop,PermanentCrop
AnnualCrop,AnnualCrop
PermanentCrop,PermanentCrop
Residential,Highway
HerbaceousVegetation,AnnualCrop
HerbaceousVegetation,River
AnnualCrop,Highway
HerbaceousVegetation,Pasture
Forest,Forest
HerbaceousVegetation,AnnualCrop
Highway,Residential
Residential,AnnualCrop
Residential,Industrial
Highway,Highway
HerbaceousVegetation,River
HerbaceousVegetation,Residential
SeaLake,SeaLake
Pasture,SeaLake
SeaLake,SeaLake
River,Pasture
Forest,Forest
AnnualCrop,AnnualCrop
Industrial,Industrial
Residential,Residential
AnnualCrop,AnnualCrop
Forest,SeaLake
PermanentCrop,HerbaceousVegetation
HerbaceousVegetation,AnnualCrop
AnnualCrop,River
SeaLake,SeaLake
Residential,Residential
PermanentCrop,AnnualCrop
AnnualCrop,AnnualCrop
SeaLake,Pasture
River,Industrial
Forest,SeaLake
SeaLake,Forest
Industrial,Industrial
Industrial,River
HerbaceousVegetation,Pasture
PermanentCrop,PermanentCrop
Residential,Residential
River,SeaLake
PermanentCrop,AnnualCrop
AnnualCrop,AnnualCrop
River,Pasture
SeaLake,Pasture
River,Forest
Forest,Forest
SeaLake,SeaLake
Residential,PermanentCrop
Residential,Residential
Residential,AnnualCrop
Pasture,SeaLake
AnnualCrop,Residential
Pasture,AnnualCrop
Forest,SeaLake
Highway,PermanentCrop
Industrial,AnnualCrop
Highway,PermanentCrop
Highway,Highway
River,River
Industrial,Industrial
Industrial,Residential
PermanentCrop,AnnualCrop
PermanentCrop,AnnualCrop
Industrial,Residential
Highway,AnnualCrop
River,River
HerbaceousVegetation,HerbaceousVegetation
Pasture,Pasture
SeaLake,SeaLake
River,River
Residential,Highway
Forest,SeaLake
River,AnnualCrop
PermanentCrop,AnnualCrop
SeaLake,SeaLake
Industrial,Highway
Residential,Residential
AnnualCrop,PermanentCrop
Forest,SeaLake
Highway,River
Forest,Forest
Industrial,Industrial
Residential,Residential
River,Highway
HerbaceousVegetation,AnnualCrop
Highway,River
Highway,Highway
River,SeaLake
Residential,HerbaceousVegetation
AnnualCrop,HerbaceousVegetation
River,HerbaceousVegetation
SeaLake,SeaLake
Pasture,PermanentCrop
HerbaceousVegetation,Forest
Forest,Forest
AnnualCrop,AnnualCrop
River,River
Pasture,Forest
SeaLake,SeaLake
Residential,Highway
Residential,Residential
HerbaceousVegetation,AnnualCrop
River,Pasture
AnnualCrop,Highway
AnnualCrop,AnnualCrop
Industrial,Industrial
HerbaceousVegetation,AnnualCrop
PermanentCrop,AnnualCrop
Residential,PermanentCrop
Highway,Pasture
AnnualCrop,AnnualCrop
AnnualCrop,Pasture
River,Residential
AnnualCrop,HerbaceousVegetation
SeaLake,Forest
Pasture,Pasture
Industrial,Highway
Highway,River
Forest,Forest
Forest,Forest
River,Residential
Residential,River
PermanentCrop,PermanentCrop
Highway,River
PermanentCrop,Residential
River,Forest
Forest,Forest
Residential,River
Forest,SeaLake
HerbaceousVegetation,AnnualCrop
Residential,HerbaceousVegetation
River,River
Residential,Industrial
SeaLake,Forest
PermanentCrop,AnnualCrop
Industrial,Industrial
SeaLake,Pasture
PermanentCrop,River
Industrial,Industrial
Pasture,Forest
Industrial,Industrial
PermanentCrop,AnnualCrop
HerbaceousVegetation,AnnualCrop
Residential,Residential
Forest,Forest
Highway,Forest
AnnualCrop,PermanentCrop
Industrial,Industrial
HerbaceousVegetation,Pasture
AnnualCrop,Residential
Forest,Forest
SeaLake,Pasture
Pasture,SeaLake
River,Highway
Highway,SeaLake
Highway,Highway
Industrial,Highway
HerbaceousVegetation,River
SeaLake,SeaLake
Highway,HerbaceousVegetation
AnnualCrop,PermanentCrop
PermanentCrop,PermanentCrop
AnnualCrop,PermanentCrop
PermanentCrop,Forest
SeaLake,Forest
AnnualCrop,Residential
HerbaceousVegetation,HerbaceousVegetation
Pasture,Residential
Pasture,SeaLake
Forest,Forest
AnnualCrop,AnnualCrop
Highway,Residential
SeaLake,AnnualCrop
SeaLake,SeaLake
Forest,Forest
Highway,Highway
Pasture,HerbaceousVegetation
HerbaceousVegetation,HerbaceousVegetation
Residential,Highway
Highway,SeaLake
AnnualCrop,Residential
Highway,AnnualCrop
HerbaceousVegetation,HerbaceousVegetation
Pasture,Pasture
Residential,Highway
AnnualCrop,AnnualCrop
Industrial,Residential
Residential,Residential
Industrial,Industrial
PermanentCrop,AnnualCrop
Highway,PermanentCrop
SeaLake,Residential
Industrial,HerbaceousVegetation
River,SeaLake
Residential,Highway
Forest,Forest
Industrial,AnnualCrop
Highway,Forest
Pasture,Pasture
Pasture,Pasture
Industrial,Industrial
Highway,Highway
Industrial,Residential
Residential,Highway
Highway,River
Industrial,Industrial
SeaLake,Forest
Industrial,Residential
HerbaceousVegetation,HerbaceousVegetation
Pasture,Highway
Highway,Highway
River,River
SeaLake,SeaLake
HerbaceousVegetation,SeaLake
SeaLake,Forest
Industrial,Industrial
Residential,AnnualCrop
Forest,SeaLake
PermanentCrop,HerbaceousVegetation
AnnualCrop,AnnualCrop
River,River
Pasture,Forest
River,River
AnnualCrop,AnnualCrop
Highway,Residential
SeaLake,SeaLake
Residential,Highway
Residential,River
HerbaceousVegetation,HerbaceousVegetation
PermanentCrop,AnnualCrop
Residential,Industrial
SeaLake,Forest
SeaLake,SeaLake
Residential,HerbaceousVegetation
AnnualCrop,AnnualCrop
Industrial,Industrial
Industrial,Residential
River,SeaLake
PermanentCrop,AnnualCrop
PermanentCrop,HerbaceousVegetation
HerbaceousVegetation,SeaLake
Residential,Industrial
PermanentCrop,AnnualCrop
Residential,PermanentCrop
HerbaceousVegetation,AnnualCrop
Industrial,Residential
Forest,SeaLake
Highway,Forest
SeaLake,Forest
Industrial,Industrial
AnnualCrop,HerbaceousVegetation
Residential,Pasture
Residential,Industrial
HerbaceousVegetation,AnnualCrop
AnnualCrop,River
SeaLake,SeaLake
PermanentCrop,PermanentCrop
Residential,Highway
Highway,SeaLake
River,River
Forest,Forest
SeaLake,SeaLake
Highway,HerbaceousVegetation
AnnualCrop,River
HerbaceousVegetation,HerbaceousVegetation
HerbaceousVegetation,HerbaceousVegetation
PermanentCrop,HerbaceousVegetation
Pasture,Pasture
Forest,Forest
Pasture,Forest
Forest,Forest
Industrial,Industrial
Industrial,Industrial
Residential,PermanentCrop
HerbaceousVegetation,AnnualCrop
Pasture,Pasture
Highway,Highway
SeaLake,SeaLake
SeaLake,Pasture
Forest,Forest
SeaLake,Forest
SeaLake,SeaLake
River,Pasture
AnnualCrop,AnnualCrop
HerbaceousVegetation,Forest
PermanentCrop,AnnualCrop
Industrial,Industrial
HerbaceousVegetation,Residential
River,SeaLake
AnnualCrop,Pasture
Pasture,SeaLake
HerbaceousVegetation,Forest
HerbaceousVegetation,Highway
Highway,Residential
SeaLake,SeaLake
AnnualCrop,Pasture
HerbaceousVegetation,AnnualCrop
HerbaceousVegetation,Residential
Highway,PermanentCrop
HerbaceousVegetation,River
PermanentCrop,AnnualCrop
Pasture,Pasture
River,Pasture
Forest,Forest
Industrial,Industrial
AnnualCrop,AnnualCrop
River,AnnualCrop
Residential,PermanentCrop
Forest,SeaLake
Pasture,Pasture
Highway,River
HerbaceousVegetation,AnnualCrop
HerbaceousVegetation,HerbaceousVegetation
SeaLake,Forest
Highway,HerbaceousVegetation
PermanentCrop,Highway
Industrial,AnnualCrop
PermanentCrop,PermanentCrop
AnnualCrop,AnnualCrop
Highway,Residential
HerbaceousVegetation,AnnualCrop
SeaLake,Forest
SeaLake,Forest
Residential,Residential
Pasture,Pasture
River,SeaLake
Industrial,Industrial
Highway,Residential
Residential,River
SeaLake,SeaLake
AnnualCrop,AnnualCrop
Pasture,SeaLake
Pasture,Highway
Industrial,HerbaceousVegetation
Highway,Highway
Residential,AnnualCrop
Pasture,Highway
Forest,Forest
Industrial,Industrial
HerbaceousVegetation,Residential
Industrial,Industrial
SeaLake,Pasture
River,River
River,Residential
HerbaceousVegetation,Forest
AnnualCrop,AnnualCrop
Highway,Pasture
HerbaceousVegetation,HerbaceousVegetation
AnnualCrop,River
SeaLake,Pasture
HerbaceousVegetation,Residential
Industrial,Industrial
Forest,Forest
Residential,Residential
SeaLake,SeaLake
SeaLake,SeaLake
Forest,Forest
AnnualCrop,AnnualCrop
AnnualCrop,PermanentCrop
River,HerbaceousVegetation
Forest,Pasture
Residential,Residential
PermanentCrop,AnnualCrop
Industrial,Residential
HerbaceousVegetation,HerbaceousVegetation
Pasture,River
SeaLake,SeaLake
Highway,Forest
River,River
Highway,Forest
Industrial,Industrial
Pasture,River
Residential,Pasture
Industrial,Industrial
Forest,SeaLake
Industrial,Highway
Residential,Residential
Residential,Residential
AnnualCrop,PermanentCrop
Highway,Highway
HerbaceousVegetation,HerbaceousVegetation
Highway,Highway
Industrial,Industrial
River,HerbaceousVegetation
SeaLake,SeaLake
Forest,Forest
AnnualCrop,AnnualCrop
Forest,Forest
Residential,Highway
Forest,SeaLake
Industrial,Highway
HerbaceousVegetation,HerbaceousVegetation
AnnualCrop,AnnualCrop
HerbaceousVegetation,Industrial
SeaLake,SeaLake
Industrial,Industrial
AnnualCrop,Residential
SeaLake,SeaLake
Residential,Residential
HerbaceousVegetation,Highway
River,River
Pasture,Pasture
Pasture,Pasture
Forest,Forest
Forest,Forest
PermanentCrop,PermanentCrop
Highway,AnnualCrop
HerbaceousVegetation,Highway
Industrial,Industrial
Forest,Forest
SeaLake,Forest
River,Forest
Highway,HerbaceousVegetation
PermanentCrop,AnnualCrop
River,SeaLake
Industrial,Industrial
Forest,Forest
HerbaceousVegetation,AnnualCrop
Industrial,Industrial
River,Residential
AnnualCrop,AnnualCrop
PermanentCrop,HerbaceousVegetation
Pasture,Forest
HerbaceousVegetation,AnnualCrop
Industrial,Industrial
River,Highway
River,Forest
Highway,Highway
PermanentCrop,HerbaceousVegetation
HerbaceousVegetation,AnnualCrop
HerbaceousVegetation,HerbaceousVegetation
Forest,Forest
River,AnnualCrop
Highway,Residential
Industrial,Industrial
HerbaceousVegetation,HerbaceousVegetation
SeaLake,HerbaceousVegetation
PermanentCrop,PermanentCrop
Highway,Pasture
Forest,SeaLake
Industrial,Industrial
Residential,Highway
AnnualCrop,AnnualCrop
AnnualCrop,PermanentCrop
PermanentCrop,Residential
SeaLake,HerbaceousVegetation
Highway,SeaLake
Forest,Forest
HerbaceousVegetation,HerbaceousVegetation
Industrial,Industrial
PermanentCrop,PermanentCrop
SeaLake,SeaLake
Residential,AnnualCrop
PermanentCrop,PermanentCrop
River,River
Highway,Highway
PermanentCrop,PermanentCrop
AnnualCrop,AnnualCrop
Industrial,Industrial
HerbaceousVegetation,HerbaceousVegetation
HerbaceousVegetation,PermanentCrop
PermanentCrop,PermanentCrop
Forest,Forest
HerbaceousVegetation,HerbaceousVegetation
River,AnnualCrop
River,HerbaceousVegetation
SeaLake,SeaLake
PermanentCrop,HerbaceousVegetation
HerbaceousVegetation,HerbaceousVegetation
Pasture,SeaLake
PermanentCrop,PermanentCrop
Industrial,Residential
Pasture,HerbaceousVegetation
Forest,SeaLake
SeaLake,SeaLake
PermanentCrop,AnnualCrop
Residential,Residential
PermanentCrop,HerbaceousVegetation
AnnualCrop,AnnualCrop
Forest,Forest
HerbaceousVegetation,AnnualCrop
Highway,AnnualCrop
Forest,SeaLake
Highway,HerbaceousVegetation
AnnualCrop,AnnualCrop
Industrial,Industrial
Residential,Highway
Highway,AnnualCrop
PermanentCrop,AnnualCrop
Industrial,Industrial
Residential,HerbaceousVegetation
River,Forest
Pasture,River
Highway,Pasture
Industrial,AnnualCrop
AnnualCrop,AnnualCrop
PermanentCrop,PermanentCrop
Pasture,Highway
SeaLake,AnnualCrop
SeaLake,SeaLake
Industrial,Industrial
PermanentCrop,PermanentCrop
Industrial,Industrial
PermanentCrop,AnnualCrop
Residential,River
Residential,River
AnnualCrop,AnnualCrop
AnnualCrop,Highway
SeaLake,AnnualCrop
HerbaceousVegetation,HerbaceousVegetation
Residential,HerbaceousVegetation
Pasture,Forest
Forest,Forest
Industrial,Industrial
Industrial,AnnualCrop
River,SeaLake
Highway,Highway
Forest,River
SeaLake,SeaLake
AnnualCrop,River
PermanentCrop,Highway
AnnualCrop,PermanentCrop
Forest,SeaLake
River,Highway
River,River
Residential,Highway
SeaLake,SeaLake
PermanentCrop,AnnualCrop
Industrial,Industrial
AnnualCrop,AnnualCrop
PermanentCrop,AnnualCrop
SeaLake,SeaLake
Industrial,Industrial
HerbaceousVegetation,AnnualCrop
AnnualCrop,HerbaceousVegetation
Forest,Forest
Industrial,Industrial
PermanentCrop,PermanentCrop
River,River
Pasture,HerbaceousVegetation
AnnualCrop,Forest
Pasture,Pasture
HerbaceousVegetation,AnnualCrop
River,River
AnnualCrop,HerbaceousVegetation
Forest,Forest
PermanentCrop,HerbaceousVegetation
Industrial,Highway
AnnualCrop,SeaLake
Residential,HerbaceousVegetation
AnnualCrop,PermanentCrop
Residential,HerbaceousVegetation
AnnualCrop,AnnualCrop
HerbaceousVegetation,PermanentCrop
SeaLake,SeaLake
Residential,SeaLake
HerbaceousVegetation,Pasture
AnnualCrop,AnnualCrop
PermanentCrop,AnnualCrop
AnnualCrop,AnnualCrop
AnnualCrop,Highway
AnnualCrop,Residential
AnnualCrop,AnnualCrop
HerbaceousVegetation,AnnualCrop
River,River
Forest,Forest
Residential,HerbaceousVegetation
Forest,Forest
SeaLake,SeaLake
AnnualCrop,River
Residential,Highway
AnnualCrop,River
HerbaceousVegetation,AnnualCrop
Residential,HerbaceousVegetation
SeaLake,SeaLake
Residential,HerbaceousVegetation
Residential,Highway
Industrial,Industrial
HerbaceousVegetation,SeaLake
Highway,SeaLake
Forest,Forest
Residential,AnnualCrop
AnnualCrop,PermanentCrop
Highway,AnnualCrop
Residential,Highway
AnnualCrop,AnnualCrop
SeaLake,Pasture
Residential,River
Industrial,Industrial
Residential,Residential
AnnualCrop,AnnualCrop
Highway,HerbaceousVegetation
Pasture,Pasture
Forest,Forest
Residential,Residential
SeaLake,SeaLake
River,River
Pasture,Forest
Industrial,Industrial
HerbaceousVegetation,HerbaceousVegetation
Pasture,PermanentCrop
Highway,HerbaceousVegetation
AnnualCrop,AnnualCrop
Pasture,AnnualCrop
River,River
Residential,Residential
HerbaceousVegetation,HerbaceousVegetation
HerbaceousVegetation,AnnualCrop
Pasture,Pasture
Residential,Pasture
Industrial,Industrial
PermanentCrop,HerbaceousVegetation
AnnualCrop,AnnualCrop
PermanentCrop,AnnualCrop
HerbaceousVegetation,River
SeaLake,SeaLake
Pasture,Forest
PermanentCrop,PermanentCrop
HerbaceousVegetation,HerbaceousVegetation
SeaLake,SeaLake
Forest,Forest
HerbaceousVegetation,AnnualCrop
SeaLake,SeaLake
HerbaceousVegetation,AnnualCrop
SeaLake,Forest
Forest,SeaLake
PermanentCrop,PermanentCrop
HerbaceousVegetation,HerbaceousVegetation
River,Forest
AnnualCrop,AnnualCrop
Industrial,Industrial
Highway,Residential
PermanentCrop,Residential
SeaLake,SeaLake
AnnualCrop,HerbaceousVegetation
SeaLake,River
Forest,Forest
Industrial,AnnualCrop
River,River
AnnualCrop,AnnualCrop
Highway,AnnualCrop
HerbaceousVegetation,Residential
AnnualCrop,PermanentCrop
Industrial,AnnualCrop
Pasture,Pasture
AnnualCrop,AnnualCrop
Highway,HerbaceousVegetation
Industrial,Industrial
AnnualCrop,AnnualCrop
PermanentCrop,AnnualCrop
PermanentCrop,HerbaceousVegetation
SeaLake,Pasture
Highway,HerbaceousVegetation
AnnualCrop,AnnualCrop
Residential,Highway
PermanentCrop,Forest
Industrial,River
River,River
Industrial,Highway
Highway,HerbaceousVegetation
Pasture,SeaLake
Residential,River
Residential,HerbaceousVegetation
AnnualCrop,AnnualCrop
PermanentCrop,Pasture
SeaLake,SeaLake
AnnualCrop,AnnualCrop
PermanentCrop,AnnualCrop
Forest,SeaLake
Pasture,SeaLake
River,Forest
Residential,PermanentCrop
Residential,Residential
Forest,Forest
Residential,Highway
HerbaceousVegetation,AnnualCrop
SeaLake,Pasture
SeaLake,SeaLake
PermanentCrop,Industrial
AnnualCrop,HerbaceousVegetation
Industrial,Industrial
River,Forest
SeaLake,HerbaceousVegetation
SeaLake,SeaLake
PermanentCrop,Highway
Forest,Forest
Residential,HerbaceousVegetation
Residential,Highway
River,Pasture
Pasture,Pasture
PermanentCrop,Residential
AnnualCrop,Pasture
HerbaceousVegetation,AnnualCrop
AnnualCrop,AnnualCrop
PermanentCrop,Highway
River,Pasture
SeaLake,SeaLake
Industrial,HerbaceousVegetation
HerbaceousVegetation,PermanentCrop
Pasture,SeaLake
River,Highway
SeaLake,Forest
Pasture,PermanentCrop
PermanentCrop,AnnualCrop
SeaLake,SeaLake
Highway,Highway
AnnualCrop,AnnualCrop
Forest,Forest
River,SeaLake
Forest,Forest
AnnualCrop,AnnualCrop
Forest,Forest
Residential,HerbaceousVegetation
Forest,Forest
River,SeaLake
HerbaceousVegetation,PermanentCrop
Forest,Forest
AnnualCrop,Forest
Pasture,Forest
Highway,AnnualCrop
Forest,Forest
Industrial,HerbaceousVegetation
Residential,AnnualCrop
River,River
Highway,Highway
HerbaceousVegetation,AnnualCrop
SeaLake,SeaLake
River,River
AnnualCrop,AnnualCrop
PermanentCrop,AnnualCrop
SeaLake,Forest
Residential,AnnualCrop
SeaLake,Pasture
River,River
River,River
Industrial,Industrial
Industrial,Pasture
PermanentCrop,PermanentCrop
SeaLake,SeaLake
AnnualCrop,Pasture
PermanentCrop,AnnualCrop
PermanentCrop,PermanentCrop
Highway,Residential
SeaLake,SeaLake
SeaLake,SeaLake
Residential,Residential
SeaLake,SeaLake
HerbaceousVegetation,HerbaceousVegetation
SeaLake,SeaLake
River,AnnualCrop
PermanentCrop,PermanentCrop
Pasture,Forest
Highway,River
SeaLake,SeaLake
River,SeaLake
Forest,Forest
Residential,AnnualCrop
Pasture,River
Residential,River
SeaLake,SeaLake
Residential,Highway
PermanentCrop,AnnualCrop
AnnualCrop,HerbaceousVegetation
HerbaceousVegetation,HerbaceousVegetation
HerbaceousVegetation,PermanentCrop
Highway,Highway
SeaLake,SeaLake
Pasture,Pasture
HerbaceousVegetation,HerbaceousVegetation
Industrial,Residential
Highway,Pasture
HerbaceousVegetation,AnnualCrop
HerbaceousVegetation,AnnualCrop
AnnualCrop,AnnualCrop
HerbaceousVegetation,HerbaceousVegetation
PermanentCrop,AnnualCrop
Residential,HerbaceousVegetation
AnnualCrop,AnnualCrop
Highway,Residential
AnnualCrop,AnnualCrop
River,River
SeaLake,SeaLake
AnnualCrop,PermanentCrop
Pasture,Forest
HerbaceousVegetation,PermanentCrop
AnnualCrop,AnnualCrop
Highway,River
SeaLake,Pasture
Highway,Residential
Residential,Residential
Industrial,Highway
Forest,Forest
PermanentCrop,HerbaceousVegetation
Residential,Residential
HerbaceousVegetation,PermanentCrop
HerbaceousVegetation,Industrial
AnnualCrop,PermanentCrop
Industrial,HerbaceousVegetation
HerbaceousVegetation,AnnualCrop
Pasture,Forest
SeaLake,SeaLake
Highway,Highway
Residential,HerbaceousVegetation
Industrial,Industrial
Industrial,Industrial
PermanentCrop,HerbaceousVegetation
Pasture,Pasture
Pasture,Pasture
SeaLake,AnnualCrop
HerbaceousVegetation,AnnualCrop
Industrial,Residential
Forest,Forest
Residential,River
HerbaceousVegetation,AnnualCrop
PermanentCrop,Highway
Forest,Forest
SeaLake,HerbaceousVegetation
Pasture,SeaLake
HerbaceousVegetation,Highway
Industrial,Industrial
Highway,PermanentCrop
AnnualCrop,PermanentCrop
River,River
Residential,AnnualCrop
Forest,SeaLake
Pasture,SeaLake
PermanentCrop,AnnualCrop
HerbaceousVegetation,HerbaceousVegetation
Pasture,Forest
Residential,Residential
Highway,Residential
Residential,HerbaceousVegetation
Forest,Forest
Forest,SeaLake
Forest,SeaLake
Pasture,Pasture
SeaLake,Pasture
HerbaceousVegetation,PermanentCrop
Industrial,Industrial
Pasture,Residential
SeaLake,Forest
SeaLake,SeaLake
AnnualCrop,River
Forest,Forest
AnnualCrop,AnnualCrop
River,Residential
Residential,Highway
River,River
Pasture,Residential
Pasture,Pasture
Highway,Highway
SeaLake,Forest
AnnualCrop,AnnualCrop
HerbaceousVegetation,HerbaceousVegetation
Highway,Highway
Industrial,Residential
Industrial,AnnualCrop
Residential,AnnualCrop
River,Highway
AnnualCrop,AnnualCrop
Forest,Forest
AnnualCrop,HerbaceousVegetation
Residential,Highway
AnnualCrop,AnnualCrop
River,Residential
Pasture,PermanentCrop
Residential,Industrial
River,River
River,River
Residential,PermanentCrop
PermanentCrop,HerbaceousVegetation
Residential,Industrial
SeaLake,SeaLake
AnnualCrop,SeaLake
Industrial,Industrial
Industrial,Industrial
Industrial,Industrial
Residential,River
River,AnnualCrop
SeaLake,Forest
Residential,PermanentCrop
River,Industrial
Residential,Residential
Industrial,Industrial
HerbaceousVegetation,Highway
Industrial,AnnualCrop
HerbaceousVegetation,HerbaceousVegetation
Industrial,Industrial
HerbaceousVegetation,HerbaceousVegetation
Highway,SeaLake
Residential,HerbaceousVegetation
SeaLake,SeaLake
Residential,Residential
AnnualCrop,AnnualCrop
AnnualCrop,AnnualCrop
Pasture,SeaLake
Forest,Forest
Pasture,Forest
Industrial,Industrial
AnnualCrop,AnnualCrop
PermanentCrop,HerbaceousVegetation
HerbaceousVegetation,HerbaceousVegetation
Highway,HerbaceousVegetation
PermanentCrop,Residential
PermanentCrop,AnnualCrop
PermanentCrop,PermanentCrop
Residential,Residential
Highway,Residential
SeaLake,Pasture
River,River
PermanentCrop,AnnualCrop
SeaLake,SeaLake
PermanentCrop,Highway
Residential,Residential
SeaLake,SeaLake
Residential,HerbaceousVegetation
HerbaceousVegetation,PermanentCrop
Forest,SeaLake
Industrial,Industrial
Highway,Highway
PermanentCrop,AnnualCrop
PermanentCrop,AnnualCrop
PermanentCrop,HerbaceousVegetation
SeaLake,Pasture
SeaLake,SeaLake
AnnualCrop,Highway
Pasture,Pasture
SeaLake,SeaLake
Highway,Highway
Residential,HerbaceousVegetation
AnnualCrop,SeaLake
River,River
Forest,Forest
River,Residential
PermanentCrop,AnnualCrop
Forest,Forest
AnnualCrop,HerbaceousVegetation
HerbaceousVegetation,SeaLake
Forest,SeaLake
PermanentCrop,HerbaceousVegetation
SeaLake,Pasture
SeaLake,SeaLake
Highway,River
Pasture,Forest
SeaLake,SeaLake
AnnualCrop,SeaLake
Residential,Industrial
River,River
Forest,Forest
Highway,Forest
River,Pasture
Industrial,Industrial
Residential,HerbaceousVegetation
HerbaceousVegetation,HerbaceousVegetation
Residential,Industrial
HerbaceousVegetation,Residential
Forest,Forest
River,River
Pasture,Pasture
Highway,SeaLake
Industrial,River
AnnualCrop,Residential
SeaLake,SeaLake
Forest,Forest
Pasture,Forest
Industrial,Residential
HerbaceousVegetation,Residential
AnnualCrop,PermanentCrop
HerbaceousVegetation,AnnualCrop
Residential,AnnualCrop
Pasture,Forest
HerbaceousVegetation,HerbaceousVegetation
SeaLake,SeaLake
HerbaceousVegetation,HerbaceousVegetation
SeaLake,HerbaceousVegetation
Forest,Forest
HerbaceousVegetation,River
AnnualCrop,AnnualCrop
River,AnnualCrop
PermanentCrop,HerbaceousVegetation
Highway,AnnualCrop
PermanentCrop,PermanentCrop
Highway,Pasture
Pasture,PermanentCrop
Pasture,River
SeaLake,SeaLake
Highway,Highway
Residential,Residential
Forest,Forest
Forest,Forest
Residential,River
HerbaceousVegetation,Highway
River,River
River,Residential
SeaLake,Forest
AnnualCrop,AnnualCrop
River,SeaLake
HerbaceousVegetation,Residential
Forest,Forest
Highway,SeaLake
HerbaceousVegetation,HerbaceousVegetation
PermanentCrop,AnnualCrop
Pasture,PermanentCrop
Industrial,Industrial
SeaLake,HerbaceousVegetation
Forest,Forest
AnnualCrop,AnnualCrop
PermanentCrop,AnnualCrop
SeaLake,Pasture
Forest,Forest
PermanentCrop,AnnualCrop
Highway,PermanentCrop
Industrial,Industrial
HerbaceousVegetation,AnnualCrop
Forest,SeaLake
Highway,Residential
AnnualCrop,AnnualCrop
Residential,SeaLake
Residential,Residential
Forest,SeaLake
PermanentCrop,AnnualCrop
Industrial,Industrial
PermanentCrop,PermanentCrop
Pasture,Industrial
SeaLake,SeaLake
Highway,River
Residential,SeaLake
Industrial,Industrial
Forest,Forest
HerbaceousVegetation,AnnualCrop
Forest,Pasture
Residential,HerbaceousVegetation
Highway,River
AnnualCrop,AnnualCrop
PermanentCrop,AnnualCrop
PermanentCrop,HerbaceousVegetation
AnnualCrop,PermanentCrop
Forest,Forest
SeaLake,SeaLake
SeaLake,SeaLake
Pasture,AnnualCrop
Pasture,HerbaceousVegetation
Highway,River
HerbaceousVegetation,HerbaceousVegetation
HerbaceousVegetation,Highway
HerbaceousVegetation,AnnualCrop
AnnualCrop,HerbaceousVegetation
AnnualCrop,AnnualCrop
Residential,AnnualCrop
PermanentCrop,AnnualCrop
River,Industrial
PermanentCrop,AnnualCrop
Residential,Industrial
Residential,HerbaceousVegetation
PermanentCrop,HerbaceousVegetation
HerbaceousVegetation,AnnualCrop
PermanentCrop,Highway
Forest,SeaLake
Forest,Forest
SeaLake,Pasture
HerbaceousVegetation,HerbaceousVegetation
Industrial,Residential
Industrial,AnnualCrop
Highway,Highway
AnnualCrop,PermanentCrop
Pasture,PermanentCrop
Residential,Industrial
AnnualCrop,HerbaceousVegetation
SeaLake,River
AnnualCrop,Pasture
Highway,Highway
SeaLake,Pasture
HerbaceousVegetation,River
HerbaceousVegetation,HerbaceousVegetation
Highway,HerbaceousVegetation
SeaLake,SeaLake
River,River
River,Forest
Highway,Highway
PermanentCrop,Residential
Industrial,Industrial
Industrial,SeaLake
Pasture,Forest
PermanentCrop,Highway
SeaLake,SeaLake
Industrial,Residential
HerbaceousVegetation,PermanentCrop
Residential,PermanentCrop
River,River
Pasture,Forest
SeaLake,SeaLake
Industrial,Pasture
AnnualCrop,AnnualCrop
River,River
Residential,River
Pasture,Pasture
Highway,River
Industrial,Residential
Highway,Pasture
Pasture,Forest
Highway,Residential
PermanentCrop,HerbaceousVegetation
River,River
PermanentCrop,Residential
HerbaceousVegetation,HerbaceousVegetation
SeaLake,SeaLake
HerbaceousVegetation,HerbaceousVegetation
Industrial,Industrial
Forest,Forest
Industrial,Residential
Pasture,Pasture
AnnualCrop,Pasture
River,River
Highway,Highway
Residential,Highway
PermanentCrop,AnnualCrop
HerbaceousVegetation,HerbaceousVegetation
AnnualCrop,AnnualCrop
Pasture,Forest
SeaLake,SeaLake
Forest,Forest
Residential,River
PermanentCrop,AnnualCrop
Highway,HerbaceousVegetation
HerbaceousVegetation,PermanentCrop
PermanentCrop,Pasture
PermanentCrop,AnnualCrop
Residential,HerbaceousVegetation
PermanentCrop,HerbaceousVegetation
SeaLake,SeaLake
River,Forest
River,SeaLake
AnnualCrop,AnnualCrop
AnnualCrop,AnnualCrop
Industrial,Industrial
Forest,Forest
River,SeaLake
Residential,HerbaceousVegetation
River,HerbaceousVegetation
Residential,SeaLake
AnnualCrop,HerbaceousVegetation
Industrial,HerbaceousVegetation
SeaLake,AnnualCrop
Forest,Forest
AnnualCrop,PermanentCrop
HerbaceousVegetation,Residential
Forest,Forest
Industrial,Industrial
River,Industrial
Pasture,Pasture
Highway,Forest
Highway,River
Highway,Highway
HerbaceousVegetation,PermanentCrop
PermanentCrop,PermanentCrop
PermanentCrop,HerbaceousVegetation
HerbaceousVegetation,Residential
